event_url,subtype,product_url,price_gbp,availability,date_start,date_end,event_location,map_method,confidence
https://www.alanranger.com/beginners-photography-lessons/camera-courses-for-beginners-coventry-,course,,,,,,,,
https://www.alanranger.com/beginners-photography-lessons/camera-courses-for-beginners-coventry-2k99k,course,,,,,,,,
https://www.alanranger.com/beginners-photography-lessons/camera-courses-for-beginners-coventry-2n74k,course,,,,,,,,
https://www.alanranger.com/beginners-photography-lessons/camera-courses-for-beginners-coventry-2sj27,course,,,,,,,,
https://www.alanranger.com/beginners-photography-lessons/camera-courses-for-beginners-coventry-3yj3h,course,,,,,,,,
https://www.alanranger.com/beginners-photography-lessons/camera-courses-for-beginners-coventry-4pp2p,course,,,,,,,,
https://www.alanranger.com/beginners-photography-lessons/camera-courses-for-beginners-coventry-7breh,course,,,,2026-03-09T19:00:00+00:00,2026-03-09T21:00:00+00:00,Alan Ranger Photography,,
https://www.alanranger.com/beginners-photography-lessons/camera-courses-for-beginners-coventry-8ar5x,course,,,,,,,,
https://www.alanranger.com/beginners-photography-lessons/camera-courses-for-beginners-coventry-8s2ka,course,,,,,,,,
https://www.alanranger.com/beginners-photography-lessons/camera-courses-for-beginners-coventry-bds4t,course,,,,,,,,
https://www.alanranger.com/beginners-photography-lessons/camera-courses-for-beginners-coventry-be4sb,course,,,,,,,,
https://www.alanranger.com/beginners-photography-lessons/camera-courses-for-beginners-coventry-dfe,course,,,,2025-11-12T19:00:00+00:00,2025-11-12T21:00:00+00:00,Coventry,,
https://www.alanranger.com/beginners-photography-lessons/camera-courses-for-beginners-coventry-dg9pz,course,,,,,,,,
https://www.alanranger.com/beginners-photography-lessons/camera-courses-for-beginners-coventry-dhecf,course,,,,,,,,
https://www.alanranger.com/beginners-photography-lessons/camera-courses-for-beginners-coventry-hl4tm,course,,,,2026-03-16T19:00:00+00:00,2026-03-16T21:00:00+00:00,Coventry,,
https://www.alanranger.com/beginners-photography-lessons/camera-courses-for-beginners-coventry-hnp3g,course,,,,2025-11-19T19:00:00+00:00,2025-11-19T21:00:00+00:00,Coventry,,
https://www.alanranger.com/beginners-photography-lessons/camera-courses-for-beginners-coventry-mw83l,course,,,,2025-11-26T19:00:00+00:00,2025-11-26T21:00:00+00:00,Coventry,,
https://www.alanranger.com/beginners-photography-lessons/camera-courses-for-beginners-coventry-nhjlm,course,,,,,,,,
https://www.alanranger.com/beginners-photography-lessons/camera-courses-for-beginners-coventry-nzwzx,course,,,,,,,,
https://www.alanranger.com/beginners-photography-lessons/camera-courses-for-beginners-coventry-oct1,course,,,,,,,,
https://www.alanranger.com/beginners-photography-lessons/camera-courses-for-beginners-coventry-oct2,course,,,,,,,,
https://www.alanranger.com/beginners-photography-lessons/camera-courses-for-beginners-coventry-oct3,course,,,,,,,,
https://www.alanranger.com/beginners-photography-lessons/camera-courses-for-beginners-coventry-s2klg,course,,,,2026-03-23T19:00:00+00:00,2026-03-23T21:00:00+00:00,Coventry,,
https://www.alanranger.com/beginners-photography-lessons/camera-courses-for-beginners-coventry-w5nkt,course,,,,,,,,
https://www.alanranger.com/beginners-photography-lessons/camera-courses-for-beginners-coventry-wc34j,course,,,,,,,,
https://www.alanranger.com/beginners-photography-lessons/camera-courses-for-beginners-coventry-wk1,course,,,,,,,,
https://www.alanranger.com/beginners-photography-lessons/camera-courses-for-beginners-coventry-zbcfe,course,,,,,,,,
https://www.alanranger.com/beginners-photography-lessons/camera-courses-for-beginners-week-1,course,,,,2026-02-04T19:00:00+00:00,2026-02-04T21:00:00+00:00,Alan Ranger Photography,,
https://www.alanranger.com/beginners-photography-lessons/camera-courses-for-beginners-week-3,course,,,,2026-02-18T19:00:00+00:00,2026-02-18T21:00:00+00:00,Alan Ranger Photography,,
https://www.alanranger.com/beginners-photography-lessons/camera-courses-for-beginners-wk2,course,,,,2026-02-11T19:00:00+00:00,2026-02-11T21:00:00+00:00,Alan Ranger Photography,,
https://www.alanranger.com/beginners-photography-lessons/lightroom-photo-editing-classes-wk1,course,beginners-photography-course,,,,,,auto,0.9
https://www.alanranger.com/beginners-photography-lessons/lightroom-photo-editing-classes-wk1-kdh5k,course,beginners-photography-course,,,,,,auto,0.9
https://www.alanranger.com/beginners-photography-lessons/lightroom-photo-editing-classes-wk1-rrkhn,course,beginners-photography-course,,,,,,auto,0.9
https://www.alanranger.com/beginners-photography-lessons/lightroom-photo-editing-classes-wk1-xx94r,course,https://www.alanranger.com/photography-services-near-me/lightroom-courses-for-beginners-coventry,,http://schema.org/InStock,,,,auto,0.9
https://www.alanranger.com/beginners-photography-lessons/lightroom-photo-editing-classes-wk1-xx94r,course,https://www.alanranger.com/photography-services-near-me/lightroom-courses-for-beginners-coventry,,InStock,,,,auto,0.9
https://www.alanranger.com/beginners-photography-lessons/lightroom-photo-editing-classes-wk2,course,beginners-photography-course,,,,,,auto,0.9
https://www.alanranger.com/beginners-photography-lessons/lightroom-photo-editing-classes-wk2-55f3d,course,beginners-photography-course,,,,,,auto,0.9
https://www.alanranger.com/beginners-photography-lessons/lightroom-photo-editing-classes-wk2-n8l4l,course,beginners-photography-course,,,,,,auto,0.9
https://www.alanranger.com/beginners-photography-lessons/lightroom-photo-editing-classes-wk2-y3262,course,https://www.alanranger.com/photography-services-near-me/beginners-photography-course,,http://schema.org/InStock,,,,auto,0.9
https://www.alanranger.com/beginners-photography-lessons/lightroom-photo-editing-classes-wk2-y3262,course,https://www.alanranger.com/photography-services-near-me/beginners-photography-course,,InStock,,,,auto,0.9
https://www.alanranger.com/beginners-photography-lessons/lightroom-photo-editing-classes-wk3,course,beginners-photography-course,,,,,,auto,0.9
https://www.alanranger.com/beginners-photography-lessons/lightroom-photo-editing-classes-wk3-42ynf,course,beginners-photography-course,,,,,,auto,0.9
https://www.alanranger.com/beginners-photography-lessons/lightroom-photo-editing-classes-wk3-7cd64,course,https://www.alanranger.com/photography-services-near-me/lightroom-courses-for-beginners-coventry,,http://schema.org/InStock,,,,auto,0.9
https://www.alanranger.com/beginners-photography-lessons/lightroom-photo-editing-classes-wk3-7cd64,course,https://www.alanranger.com/photography-services-near-me/lightroom-courses-for-beginners-coventry,,InStock,,,,auto,0.9
https://www.alanranger.com/beginners-photography-lessons/lightroom-photo-editing-classes-wk3-9b3t3,course,beginners-photography-course,,,,,,auto,0.9
https://www.alanranger.com/beginners-photography-lessons/rps-courses-rps-distinctions-mentoring-1,course,https://www.alanranger.com/photography-services-near-me/rps-mentoring-photography-course,,http://schema.org/InStock,,,,auto,0.9
https://www.alanranger.com/beginners-photography-lessons/rps-courses-rps-distinctions-mentoring-1,course,https://www.alanranger.com/photography-services-near-me/rps-mentoring-photography-course,,InStock,,,,auto,0.9
https://www.alanranger.com/beginners-photography-lessons/rps-courses-rps-distinctions-mentoring-2,course,https://www.alanranger.com/photography-services-near-me/rps-mentoring-photography-course,,http://schema.org/InStock,2025-10-15T19:00:00+00:00,2025-10-15T21:00:00+00:00,Online - Virtual Class - Zoom Meeting,auto,0.9
https://www.alanranger.com/beginners-photography-lessons/rps-courses-rps-distinctions-mentoring-2,course,https://www.alanranger.com/photography-services-near-me/rps-mentoring-photography-course,,InStock,2025-10-15T19:00:00+00:00,2025-10-15T21:00:00+00:00,Online - Virtual Class - Zoom Meeting,auto,0.9
https://www.alanranger.com/beginners-photography-lessons/rps-courses-rps-distinctions-mentoring-3,course,https://www.alanranger.com/photography-services-near-me/rps-mentoring-photography-course,,http://schema.org/InStock,,,,auto,0.9
https://www.alanranger.com/beginners-photography-lessons/rps-courses-rps-distinctions-mentoring-3,course,https://www.alanranger.com/photography-services-near-me/rps-mentoring-photography-course,,InStock,,,,auto,0.9
https://www.alanranger.com/beginners-photography-lessons/rps-courses-rps-distinctions-mentoring-4,course,https://www.alanranger.com/photography-services-near-me/rps-mentoring-photography-course,,http://schema.org/InStock,,,,auto,0.9
https://www.alanranger.com/beginners-photography-lessons/rps-courses-rps-distinctions-mentoring-4,course,https://www.alanranger.com/photography-services-near-me/rps-mentoring-photography-course,,InStock,,,,auto,0.9
https://www.alanranger.com/beginners-photography-lessons/rps-courses-rps-distinctions-mentoring-5,course,https://www.alanranger.com/photography-services-near-me/rps-mentoring-photography-course,,http://schema.org/InStock,,,,auto,0.9
https://www.alanranger.com/beginners-photography-lessons/rps-courses-rps-distinctions-mentoring-5,course,https://www.alanranger.com/photography-services-near-me/rps-mentoring-photography-course,,InStock,,,,auto,0.9
https://www.alanranger.com/beginners-photography-lessons/rps-courses-rps-distinctions-mentoring-6,course,https://www.alanranger.com/photography-services-near-me/rps-mentoring-photography-course,,http://schema.org/InStock,,,,auto,0.9
https://www.alanranger.com/beginners-photography-lessons/rps-courses-rps-distinctions-mentoring-6,course,https://www.alanranger.com/photography-services-near-me/rps-mentoring-photography-course,,InStock,,,,auto,0.9
https://www.alanranger.com/photographic-workshops-near-me/abstract-and-macro-photography-workshop,workshop,https://www.alanranger.com/photo-workshops-uk/abstract-and-macro-photography-workshops,,http://schema.org/InStock,,,,auto,0.9
https://www.alanranger.com/photographic-workshops-near-me/abstract-and-macro-photography-workshop,workshop,https://www.alanranger.com/photo-workshops-uk/abstract-and-macro-photography-workshops,,InStock,,,,auto,0.9
https://www.alanranger.com/photographic-workshops-near-me/abstract-and-macro-photography-workshop-coventry,workshop,https://www.alanranger.com/photo-workshops-uk/abstract-and-macro-photography-workshops,,http://schema.org/InStock,,,,auto,0.9
https://www.alanranger.com/photographic-workshops-near-me/abstract-and-macro-photography-workshop-coventry,workshop,https://www.alanranger.com/photo-workshops-uk/abstract-and-macro-photography-workshops,,InStock,,,,auto,0.9
https://www.alanranger.com/photographic-workshops-near-me/anglesey-photography-workshop-wales,workshop,https://www.alanranger.com/photo-workshops-uk/landscape-photography-workshops-anglesey,,http://schema.org/InStock,,,,auto,0.9
https://www.alanranger.com/photographic-workshops-near-me/anglesey-photography-workshop-wales,workshop,https://www.alanranger.com/photo-workshops-uk/landscape-photography-workshops-anglesey,,InStock,,,,auto,0.9
https://www.alanranger.com/photographic-workshops-near-me/batsford-arboretum-autumn-photography-1nov,workshop,batsford-arboretum-photography-workshops,,,,,,auto,0.9
https://www.alanranger.com/photographic-workshops-near-me/batsford-arboretum-autumn-photography-29oct,workshop,batsford-arboretum-photography-workshops,,,,,,auto,0.9
https://www.alanranger.com/photographic-workshops-near-me/batsford-arboretum-autumn-photography-2nov,workshop,batsford-arboretum-photography-workshops,,,,,,auto,0.9
https://www.alanranger.com/photographic-workshops-near-me/batsford-arboretum-autumn-photography-30oct,workshop,https://www.alanranger.com/photo-workshops-uk/batsford-arboretum-photography-workshops,,http://schema.org/InStock,,,,auto,0.9
https://www.alanranger.com/photographic-workshops-near-me/batsford-arboretum-autumn-photography-30oct,workshop,https://www.alanranger.com/photo-workshops-uk/batsford-arboretum-photography-workshops,,InStock,,,,auto,0.9
https://www.alanranger.com/photographic-workshops-near-me/batsford-arboretum-autumn-photography-31oct,workshop,batsford-arboretum-photography-workshops,,,,,,auto,0.9
https://www.alanranger.com/photographic-workshops-near-me/batsford-arboretum-autumn-photography-3nov,workshop,batsford-arboretum-photography-workshops,,,,,,auto,0.9
https://www.alanranger.com/photographic-workshops-near-me/bluebell-photography-photo-workshop-warwickshire-01,workshop,abstract-and-macro-photography-workshops,,,,,,auto,0.9
https://www.alanranger.com/photographic-workshops-near-me/bluebell-photography-photo-workshop-warwickshire-17,workshop,https://www.alanranger.com/photo-workshops-uk/bluebell-woodlands-photography-workshops,,http://schema.org/InStock,,,,auto,0.9
https://www.alanranger.com/photographic-workshops-near-me/bluebell-photography-photo-workshop-warwickshire-17,workshop,https://www.alanranger.com/photo-workshops-uk/bluebell-woodlands-photography-workshops,,InStock,,,,auto,0.9
https://www.alanranger.com/photographic-workshops-near-me/bluebell-photography-photo-workshop-warwickshire-18,workshop,abstract-and-macro-photography-workshops,,,,,,auto,0.9
https://www.alanranger.com/photographic-workshops-near-me/bluebell-photography-photo-workshop-warwickshire-19,workshop,abstract-and-macro-photography-workshops,,,,,,auto,0.9
https://www.alanranger.com/photographic-workshops-near-me/bluebell-photography-photo-workshop-warwickshire-20,workshop,abstract-and-macro-photography-workshops,,,,,,auto,0.9
https://www.alanranger.com/photographic-workshops-near-me/bluebell-photography-photo-workshop-warwickshire-21,workshop,abstract-and-macro-photography-workshops,,,,,,auto,0.9
https://www.alanranger.com/photographic-workshops-near-me/bluebell-photography-photo-workshop-warwickshire-22,workshop,abstract-and-macro-photography-workshops,,,,,,auto,0.9
https://www.alanranger.com/photographic-workshops-near-me/bluebell-photography-photo-workshop-warwickshire-23,workshop,abstract-and-macro-photography-workshops,,,,,,auto,0.9
https://www.alanranger.com/photographic-workshops-near-me/bluebell-photography-photo-workshop-warwickshire-24,workshop,christmas-photography-workshops,,,,,,auto,0.9
https://www.alanranger.com/photographic-workshops-near-me/bluebell-photography-photo-workshop-warwickshire-25,workshop,abstract-and-macro-photography-workshops,,,,,,auto,0.9
https://www.alanranger.com/photographic-workshops-near-me/bluebell-photography-photo-workshop-warwickshire-29,workshop,christmas-photography-workshops,,,,,,auto,0.9
https://www.alanranger.com/photographic-workshops-near-me/bluebell-photography-photo-workshop-warwickshire-30,workshop,https://www.alanranger.com/photo-workshops-uk/abstract-and-macro-photography-workshops,,http://schema.org/InStock,,,,auto,0.9
https://www.alanranger.com/photographic-workshops-near-me/bluebell-photography-photo-workshop-warwickshire-30,workshop,https://www.alanranger.com/photo-workshops-uk/abstract-and-macro-photography-workshops,,InStock,,,,auto,0.9
https://www.alanranger.com/photographic-workshops-near-me/dartmoor-photography-workshop-woodlands,workshop,dartmoor-photography-landscape-workshop,,,2026-10-09T13:00:00+00:00,2026-10-11T14:00:00+00:00,Dartmoor,auto,0.9
https://www.alanranger.com/photographic-workshops-near-me/dartmoor-photography-workshop-woodlands,workshop,dartmoor-photography-landscape-workshop,,,,,,auto,0.9
https://www.alanranger.com/photographic-workshops-near-me/dingle-kerry-ireland-photography-workshop,workshop,https://www.alanranger.com/photo-workshops-uk/ireland-photography-workshops-dingle,,http://schema.org/InStock,,,,auto,0.9
https://www.alanranger.com/photographic-workshops-near-me/dingle-kerry-ireland-photography-workshop,workshop,https://www.alanranger.com/photo-workshops-uk/ireland-photography-workshops-dingle,,InStock,,,,auto,0.9
https://www.alanranger.com/photographic-workshops-near-me/dorset-photography-workshop,workshop,dorset-landscape-photography-workshop,,,,,,auto,0.9
https://www.alanranger.com/photographic-workshops-near-me/exmoor-photography-workshops-seascapes-lynmouth,workshop,https://www.alanranger.com/photo-workshops-uk/exmoor-photography-workshops-lynmouth,,http://schema.org/InStock,2026-05-23T09:00:00+00:00,2026-05-24T14:30:00+00:00,North Devon/Exmoor,auto,0.9
https://www.alanranger.com/photographic-workshops-near-me/exmoor-photography-workshops-seascapes-lynmouth,workshop,https://www.alanranger.com/photo-workshops-uk/exmoor-photography-workshops-lynmouth,,http://schema.org/InStock,,,,auto,0.9
https://www.alanranger.com/photographic-workshops-near-me/exmoor-photography-workshops-seascapes-lynmouth,workshop,https://www.alanranger.com/photo-workshops-uk/exmoor-photography-workshops-lynmouth,,InStock,2026-05-23T09:00:00+00:00,2026-05-24T14:30:00+00:00,North Devon/Exmoor,auto,0.9
https://www.alanranger.com/photographic-workshops-near-me/exmoor-photography-workshops-seascapes-lynmouth,workshop,https://www.alanranger.com/photo-workshops-uk/exmoor-photography-workshops-lynmouth,,InStock,,,,auto,0.9
https://www.alanranger.com/photographic-workshops-near-me/fairy-glen-betws-y-coed-photography,workshop,https://www.alanranger.com/photo-workshops-uk/landscape-photography-snowdonia-workshops,,http://schema.org/InStock,,,,auto,0.9
https://www.alanranger.com/photographic-workshops-near-me/fairy-glen-betws-y-coed-photography,workshop,https://www.alanranger.com/photo-workshops-uk/landscape-photography-snowdonia-workshops,,InStock,,,,auto,0.9
https://www.alanranger.com/photographic-workshops-near-me/fairy-glen-photography-betws-y-coed,workshop,exmoor-photography-workshops-lynmouth,,,,,,auto,0.9
https://www.alanranger.com/photographic-workshops-near-me/fairy-glen-photography-wales,workshop,batsford-arboretum-photography-workshops,,,,,,auto,0.9
https://www.alanranger.com/photographic-workshops-near-me/garden-photography-workshop,workshop,garden-photography-workshop,,,,,,auto,0.9
https://www.alanranger.com/photographic-workshops-near-me/garden-photography-workshop-mxyms,workshop,garden-photography-workshop,,,,,,auto,0.9
https://www.alanranger.com/photographic-workshops-near-me/hartland-quay-devon-seascapes-ynfcl,workshop,https://www.alanranger.com/photo-workshops-uk/landscape-photography-devon-hartland-quay,,http://schema.org/InStock,,,,auto,0.9
https://www.alanranger.com/photographic-workshops-near-me/hartland-quay-devon-seascapes-ynfcl,workshop,https://www.alanranger.com/photo-workshops-uk/landscape-photography-devon-hartland-quay,,InStock,,,,auto,0.9
https://www.alanranger.com/photographic-workshops-near-me/hartland-quay-photography-devon-seascapes,workshop,https://www.alanranger.com/photo-workshops-uk/landscape-photography-devon-hartland-quay,,http://schema.org/InStock,,,,auto,0.9
https://www.alanranger.com/photographic-workshops-near-me/hartland-quay-photography-devon-seascapes,workshop,https://www.alanranger.com/photo-workshops-uk/landscape-photography-devon-hartland-quay,,InStock,,,,auto,0.9
https://www.alanranger.com/photographic-workshops-near-me/lake-district-photography-workshop-autumn,workshop,https://www.alanranger.com/photo-workshops-uk/lake-district-photography-workshop,,http://schema.org/InStock,,,,auto,0.9
https://www.alanranger.com/photographic-workshops-near-me/lake-district-photography-workshop-autumn,workshop,https://www.alanranger.com/photo-workshops-uk/lake-district-photography-workshop,,InStock,,,,auto,0.9
https://www.alanranger.com/photographic-workshops-near-me/lake-district-photography-workshop-late-summer,workshop,https://www.alanranger.com/photo-workshops-uk/lake-district-photography-workshop,,http://schema.org/InStock,2026-09-18T08:30:00+00:00,2026-09-20T12:30:00+00:00,Lake District,auto,0.9
https://www.alanranger.com/photographic-workshops-near-me/lake-district-photography-workshop-late-summer,workshop,https://www.alanranger.com/photo-workshops-uk/lake-district-photography-workshop,,http://schema.org/InStock,,,,auto,0.9
https://www.alanranger.com/photographic-workshops-near-me/lake-district-photography-workshop-late-summer,workshop,https://www.alanranger.com/photo-workshops-uk/lake-district-photography-workshop,,InStock,2026-09-18T08:30:00+00:00,2026-09-20T12:30:00+00:00,Lake District,auto,0.9
https://www.alanranger.com/photographic-workshops-near-me/lake-district-photography-workshop-late-summer,workshop,https://www.alanranger.com/photo-workshops-uk/lake-district-photography-workshop,,InStock,,,,auto,0.9
https://www.alanranger.com/photographic-workshops-near-me/lake-district-photography-workshop-spring,workshop,https://www.alanranger.com/photo-workshops-uk/lake-district-photography-workshop,,http://schema.org/InStock,,,,auto,0.9
https://www.alanranger.com/photographic-workshops-near-me/lake-district-photography-workshop-spring,workshop,https://www.alanranger.com/photo-workshops-uk/lake-district-photography-workshop,,InStock,,,,auto,0.9
https://www.alanranger.com/photographic-workshops-near-me/lake-district-photography-workshop-winter,workshop,https://www.alanranger.com/photo-workshops-uk/lake-district-photography-workshop,,http://schema.org/InStock,,,,auto,0.9
https://www.alanranger.com/photographic-workshops-near-me/lake-district-photography-workshop-winter,workshop,https://www.alanranger.com/photo-workshops-uk/lake-district-photography-workshop,,InStock,,,,auto,0.9
https://www.alanranger.com/photographic-workshops-near-me/landscape-photography-snowdonia-workshop,workshop,https://www.alanranger.com/photo-workshops-uk/landscape-photography-snowdonia-workshops,,http://schema.org/InStock,,,,auto,0.9
https://www.alanranger.com/photographic-workshops-near-me/landscape-photography-snowdonia-workshop,workshop,https://www.alanranger.com/photo-workshops-uk/landscape-photography-snowdonia-workshops,,InStock,,,,auto,0.9
https://www.alanranger.com/photographic-workshops-near-me/landscape-photography-wales-gower-peninsular,workshop,https://www.alanranger.com/photo-workshops-uk/landscape-photography-wales-photo-workshop,,http://schema.org/InStock,,,,auto,0.9
https://www.alanranger.com/photographic-workshops-near-me/landscape-photography-wales-gower-peninsular,workshop,https://www.alanranger.com/photo-workshops-uk/landscape-photography-wales-photo-workshop,,InStock,,,,auto,0.9
https://www.alanranger.com/photographic-workshops-near-me/landscape-photography-workshops-yorkshire,workshop,north-yorkshire-landscape-photography,,,2026-03-26T14:00:00+00:00,2026-03-29T13:00:00+00:00,North Yorkshire Moors and Coast,auto,0.9
https://www.alanranger.com/photographic-workshops-near-me/landscape-photography-workshops-yorkshire,workshop,north-yorkshire-landscape-photography,,,,,,auto,0.9
https://www.alanranger.com/photographic-workshops-near-me/landscape-photography-workshops-yorkshire-coast,workshop,https://www.alanranger.com/photo-workshops-uk/north-yorkshire-landscape-photography,,http://schema.org/InStock,2025-05-15T13:00:00+00:00,2025-05-18T13:00:00+00:00,North Yorkshire Moors and Coast,auto,0.9
https://www.alanranger.com/photographic-workshops-near-me/landscape-photography-workshops-yorkshire-coast,workshop,https://www.alanranger.com/photo-workshops-uk/north-yorkshire-landscape-photography,,http://schema.org/InStock,,,,auto,0.9
https://www.alanranger.com/photographic-workshops-near-me/landscape-photography-workshops-yorkshire-coast,workshop,https://www.alanranger.com/photo-workshops-uk/north-yorkshire-landscape-photography,,InStock,2025-05-15T13:00:00+00:00,2025-05-18T13:00:00+00:00,North Yorkshire Moors and Coast,auto,0.9
https://www.alanranger.com/photographic-workshops-near-me/landscape-photography-workshops-yorkshire-coast,workshop,https://www.alanranger.com/photo-workshops-uk/north-yorkshire-landscape-photography,,InStock,,,,auto,0.9
https://www.alanranger.com/photographic-workshops-near-me/lavender-photography-workshop-sunset,workshop,https://www.alanranger.com/photo-workshops-uk/photography-workshops-lavender-fields,,http://schema.org/InStock,,,,auto,0.9
https://www.alanranger.com/photographic-workshops-near-me/lavender-photography-workshop-sunset,workshop,https://www.alanranger.com/photo-workshops-uk/photography-workshops-lavender-fields,,InStock,,,,auto,0.9
https://www.alanranger.com/photographic-workshops-near-me/lavender-photography-workshop-sunset-19,workshop,https://www.alanranger.com/photo-workshops-uk/photography-workshops-lavender-fields,,http://schema.org/InStock,,,,auto,0.9
https://www.alanranger.com/photographic-workshops-near-me/lavender-photography-workshop-sunset-19,workshop,https://www.alanranger.com/photo-workshops-uk/photography-workshops-lavender-fields,,InStock,,,,auto,0.9
https://www.alanranger.com/photographic-workshops-near-me/long-exposure-photo-workshop-sunset-kenilworth,workshop,https://www.alanranger.com/photo-workshops-uk/long-exposure-photography-kenilworth,,http://schema.org/InStock,,,,auto,0.9
https://www.alanranger.com/photographic-workshops-near-me/long-exposure-photo-workshop-sunset-kenilworth,workshop,https://www.alanranger.com/photo-workshops-uk/long-exposure-photography-kenilworth,,InStock,,,,auto,0.9
https://www.alanranger.com/photographic-workshops-near-me/long-exposure-photography-burnham-on-sea,workshop,https://www.alanranger.com/photo-workshops-uk/long-exposure-photography-workshops-burnham,,http://schema.org/InStock,2026-05-02T17:30:00+00:00,2026-05-02T20:00:00+00:00,Somerset,auto,0.9
https://www.alanranger.com/photographic-workshops-near-me/long-exposure-photography-burnham-on-sea,workshop,https://www.alanranger.com/photo-workshops-uk/long-exposure-photography-workshops-burnham,,http://schema.org/InStock,,,,auto,0.9
https://www.alanranger.com/photographic-workshops-near-me/long-exposure-photography-burnham-on-sea,workshop,https://www.alanranger.com/photo-workshops-uk/long-exposure-photography-workshops-burnham,,InStock,2026-05-02T17:30:00+00:00,2026-05-02T20:00:00+00:00,Somerset,auto,0.9
https://www.alanranger.com/photographic-workshops-near-me/long-exposure-photography-burnham-on-sea,workshop,https://www.alanranger.com/photo-workshops-uk/long-exposure-photography-workshops-burnham,,InStock,,,,auto,0.9
https://www.alanranger.com/photographic-workshops-near-me/long-exposure-photography-workshop-kenilworth1,workshop,https://www.alanranger.com/photo-workshops-uk/long-exposure-photography-kenilworth,,http://schema.org/InStock,,,,auto,0.9
https://www.alanranger.com/photographic-workshops-near-me/long-exposure-photography-workshop-kenilworth1,workshop,https://www.alanranger.com/photo-workshops-uk/long-exposure-photography-kenilworth,,InStock,,,,auto,0.9
https://www.alanranger.com/photographic-workshops-near-me/long-exposure-photography-workshop-kenilworth2,workshop,fireworks-photography-workshop-kenilworth,,,,,,auto,0.9
https://www.alanranger.com/photographic-workshops-near-me/long-exposure-photography-workshop-kenilworth4,workshop,fireworks-photography-workshop-kenilworth,,,,,,auto,0.9
https://www.alanranger.com/photographic-workshops-near-me/nant-mill-woodlands,workshop,https://www.alanranger.com/photo-workshops-uk/landscape-photography-workshops-nant-mill,,http://schema.org/InStock,2025-06-07T09:00:00+00:00,2025-06-07T13:00:00+00:00,Wales,auto,0.9
https://www.alanranger.com/photographic-workshops-near-me/nant-mill-woodlands,workshop,https://www.alanranger.com/photo-workshops-uk/landscape-photography-workshops-nant-mill,,http://schema.org/InStock,,,,auto,0.9
https://www.alanranger.com/photographic-workshops-near-me/nant-mill-woodlands,workshop,https://www.alanranger.com/photo-workshops-uk/landscape-photography-workshops-nant-mill,,InStock,2025-06-07T09:00:00+00:00,2025-06-07T13:00:00+00:00,Wales,auto,0.9
https://www.alanranger.com/photographic-workshops-near-me/nant-mill-woodlands,workshop,https://www.alanranger.com/photo-workshops-uk/landscape-photography-workshops-nant-mill,,InStock,,,,auto,0.9
https://www.alanranger.com/photographic-workshops-near-me/norfolk-photography-workshop,workshop,https://www.alanranger.com/photo-workshops-uk/landscape-photography-workshop-norfolk,,http://schema.org/InStock,2026-02-13T09:30:00+00:00,2026-02-15T14:00:00+00:00,Norfolk,auto,0.9
https://www.alanranger.com/photographic-workshops-near-me/norfolk-photography-workshop,workshop,https://www.alanranger.com/photo-workshops-uk/landscape-photography-workshop-norfolk,,http://schema.org/InStock,,,,auto,0.9
https://www.alanranger.com/photographic-workshops-near-me/norfolk-photography-workshop,workshop,https://www.alanranger.com/photo-workshops-uk/landscape-photography-workshop-norfolk,,InStock,2026-02-13T09:30:00+00:00,2026-02-15T14:00:00+00:00,Norfolk,auto,0.9
https://www.alanranger.com/photographic-workshops-near-me/norfolk-photography-workshop,workshop,https://www.alanranger.com/photo-workshops-uk/landscape-photography-workshop-norfolk,,InStock,,,,auto,0.9
https://www.alanranger.com/photographic-workshops-near-me/northumberland-landscape-photography-workshop,workshop,coastal-northumberland-photography-workshops,,,,,,auto,0.9
https://www.alanranger.com/photographic-workshops-near-me/peak-district-photography-workshops-autumn,workshop,https://www.alanranger.com/photo-workshops-uk/landscape-peak-district-photography-workshops-derbyshire,,http://schema.org/InStock,,,,auto,0.9
https://www.alanranger.com/photographic-workshops-near-me/peak-district-photography-workshops-autumn,workshop,https://www.alanranger.com/photo-workshops-uk/landscape-peak-district-photography-workshops-derbyshire,,InStock,,,,auto,0.9
https://www.alanranger.com/photographic-workshops-near-me/peak-district-photography-workshops-autumn-2,workshop,https://www.alanranger.com/photo-workshops-uk/landscape-peak-district-photography-workshops-derbyshire,,http://schema.org/InStock,,,,auto,0.9
https://www.alanranger.com/photographic-workshops-near-me/peak-district-photography-workshops-autumn-2,workshop,https://www.alanranger.com/photo-workshops-uk/landscape-peak-district-photography-workshops-derbyshire,,InStock,,,,auto,0.9
https://www.alanranger.com/photographic-workshops-near-me/peak-district-photography-workshops-heathers-sunrise,workshop,https://www.alanranger.com/photo-workshops-uk/landscape-peak-district-photography-workshops-derbyshire,,http://schema.org/InStock,2026-08-16T04:45:00+00:00,2026-08-16T07:45:00+00:00,Staffordshire - Upper Hulme,auto,0.9
https://www.alanranger.com/photographic-workshops-near-me/peak-district-photography-workshops-heathers-sunrise,workshop,https://www.alanranger.com/photo-workshops-uk/landscape-peak-district-photography-workshops-derbyshire,,http://schema.org/InStock,,,,auto,0.9
https://www.alanranger.com/photographic-workshops-near-me/peak-district-photography-workshops-heathers-sunrise,workshop,https://www.alanranger.com/photo-workshops-uk/landscape-peak-district-photography-workshops-derbyshire,,InStock,2026-08-16T04:45:00+00:00,2026-08-16T07:45:00+00:00,Staffordshire - Upper Hulme,auto,0.9
https://www.alanranger.com/photographic-workshops-near-me/peak-district-photography-workshops-heathers-sunrise,workshop,https://www.alanranger.com/photo-workshops-uk/landscape-peak-district-photography-workshops-derbyshire,,InStock,,,,auto,0.9
https://www.alanranger.com/photographic-workshops-near-me/peak-district-photography-workshops-heathers-sunset,workshop,https://www.alanranger.com/photo-workshops-uk/landscape-peak-district-photography-workshops-derbyshire,,http://schema.org/InStock,2026-08-15T17:15:00+00:00,2026-08-15T20:15:00+00:00,Peak District,auto,0.9
https://www.alanranger.com/photographic-workshops-near-me/peak-district-photography-workshops-heathers-sunset,workshop,https://www.alanranger.com/photo-workshops-uk/landscape-peak-district-photography-workshops-derbyshire,,http://schema.org/InStock,,,,auto,0.9
https://www.alanranger.com/photographic-workshops-near-me/peak-district-photography-workshops-heathers-sunset,workshop,https://www.alanranger.com/photo-workshops-uk/landscape-peak-district-photography-workshops-derbyshire,,InStock,2026-08-15T17:15:00+00:00,2026-08-15T20:15:00+00:00,Peak District,auto,0.9
https://www.alanranger.com/photographic-workshops-near-me/peak-district-photography-workshops-heathers-sunset,workshop,https://www.alanranger.com/photo-workshops-uk/landscape-peak-district-photography-workshops-derbyshire,,InStock,,,,auto,0.9
https://www.alanranger.com/photographic-workshops-near-me/peak-district-photography-workshops-spring,workshop,https://www.alanranger.com/photo-workshops-uk/landscape-peak-district-photography-workshops-derbyshire,,http://schema.org/InStock,,,,auto,0.9
https://www.alanranger.com/photographic-workshops-near-me/peak-district-photography-workshops-spring,workshop,https://www.alanranger.com/photo-workshops-uk/landscape-peak-district-photography-workshops-derbyshire,,InStock,,,,auto,0.9
https://www.alanranger.com/photographic-workshops-near-me/peak-district-photography-workshops-sunrise-heathers,workshop,https://www.alanranger.com/photo-workshops-uk/landscape-peak-district-photography-workshops-derbyshire,,http://schema.org/InStock,2024-08-24T04:15:00+00:00,2024-08-24T08:30:00+00:00,Staffordshire - Upper Hulme,auto,0.9
https://www.alanranger.com/photographic-workshops-near-me/peak-district-photography-workshops-sunrise-heathers,workshop,https://www.alanranger.com/photo-workshops-uk/landscape-peak-district-photography-workshops-derbyshire,,http://schema.org/InStock,,,,auto,0.9
https://www.alanranger.com/photographic-workshops-near-me/peak-district-photography-workshops-sunrise-heathers,workshop,https://www.alanranger.com/photo-workshops-uk/landscape-peak-district-photography-workshops-derbyshire,,InStock,2024-08-24T04:15:00+00:00,2024-08-24T08:30:00+00:00,Staffordshire - Upper Hulme,auto,0.9
https://www.alanranger.com/photographic-workshops-near-me/peak-district-photography-workshops-sunrise-heathers,workshop,https://www.alanranger.com/photo-workshops-uk/landscape-peak-district-photography-workshops-derbyshire,,InStock,,,,auto,0.9
https://www.alanranger.com/photographic-workshops-near-me/peak-district-photography-workshops-winter,workshop,https://www.alanranger.com/photo-workshops-uk/landscape-peak-district-photography-workshops-derbyshire,,http://schema.org/InStock,,,,auto,0.9
https://www.alanranger.com/photographic-workshops-near-me/peak-district-photography-workshops-winter,workshop,https://www.alanranger.com/photo-workshops-uk/landscape-peak-district-photography-workshops-derbyshire,,InStock,,,,auto,0.9
https://www.alanranger.com/photographic-workshops-near-me/poppy-fields-photography-workshop-sunrise,workshop,poppy-fields-photography-workshops,,,2024-06-09T04:00:00+00:00,2024-06-09T06:30:00+00:00,Worcestershire,auto,0.9
https://www.alanranger.com/photographic-workshops-near-me/poppy-fields-photography-workshop-sunset,workshop,poppy-fields-photography-workshops,,,2024-06-08T18:15:00+00:00,2024-06-08T20:45:00+00:00,Worcestershire,auto,0.9
https://www.alanranger.com/photographic-workshops-near-me/secrets-of-woodland-photography-masterclass-autumn,workshop,https://www.alanranger.com/photo-workshops-uk/secrets-of-woodland-photography-workshop,,http://schema.org/InStock,,,,auto,0.9
https://www.alanranger.com/photographic-workshops-near-me/secrets-of-woodland-photography-masterclass-autumn,workshop,https://www.alanranger.com/photo-workshops-uk/secrets-of-woodland-photography-workshop,,InStock,,,,auto,0.9
https://www.alanranger.com/photographic-workshops-near-me/secrets-of-woodland-photography-masterclass-spring,workshop,https://www.alanranger.com/photo-workshops-uk/secrets-of-woodland-photography-workshop,,http://schema.org/InStock,,,,auto,0.9
https://www.alanranger.com/photographic-workshops-near-me/secrets-of-woodland-photography-masterclass-spring,workshop,https://www.alanranger.com/photo-workshops-uk/secrets-of-woodland-photography-workshop,,InStock,,,,auto,0.9
https://www.alanranger.com/photographic-workshops-near-me/secrets-of-woodland-photography-masterclass-summer,workshop,https://www.alanranger.com/photo-workshops-uk/secrets-of-woodland-photography-workshop,,http://schema.org/InStock,,,,auto,0.9
https://www.alanranger.com/photographic-workshops-near-me/secrets-of-woodland-photography-masterclass-summer,workshop,https://www.alanranger.com/photo-workshops-uk/secrets-of-woodland-photography-workshop,,InStock,,,,auto,0.9
https://www.alanranger.com/photographic-workshops-near-me/secrets-of-woodland-photography-masterclass-winter,workshop,https://www.alanranger.com/photo-workshops-uk/secrets-of-woodland-photography-workshop,,http://schema.org/InStock,,,,auto,0.9
https://www.alanranger.com/photographic-workshops-near-me/secrets-of-woodland-photography-masterclass-winter,workshop,https://www.alanranger.com/photo-workshops-uk/secrets-of-woodland-photography-workshop,,InStock,,,,auto,0.9
https://www.alanranger.com/photographic-workshops-near-me/sezincote-garden-photography-workshop,workshop,https://www.alanranger.com/photo-workshops-uk/sezincote-garden-photography-workshop,,http://schema.org/InStock,,,,auto,0.9
https://www.alanranger.com/photographic-workshops-near-me/sezincote-garden-photography-workshop,workshop,https://www.alanranger.com/photo-workshops-uk/sezincote-garden-photography-workshop,,InStock,,,,auto,0.9
https://www.alanranger.com/photographic-workshops-near-me/somerset-photography-workshop,workshop,https://www.alanranger.com/photo-workshops-uk/somerset-landscape-photography-workshops,,http://schema.org/InStock,2025-05-09T13:00:00+00:00,2025-05-11T13:00:00+00:00,Somerset,auto,0.9
https://www.alanranger.com/photographic-workshops-near-me/somerset-photography-workshop,workshop,https://www.alanranger.com/photo-workshops-uk/somerset-landscape-photography-workshops,,http://schema.org/InStock,,,,auto,0.9
https://www.alanranger.com/photographic-workshops-near-me/somerset-photography-workshop,workshop,https://www.alanranger.com/photo-workshops-uk/somerset-landscape-photography-workshops,,InStock,2025-05-09T13:00:00+00:00,2025-05-11T13:00:00+00:00,Somerset,auto,0.9
https://www.alanranger.com/photographic-workshops-near-me/somerset-photography-workshop,workshop,https://www.alanranger.com/photo-workshops-uk/somerset-landscape-photography-workshops,,InStock,,,,auto,0.9
https://www.alanranger.com/photographic-workshops-near-me/suffolk-landscape-photography-workshop,workshop,https://www.alanranger.com/photo-workshops-uk/suffolk-landscape-photography-workshops,,http://schema.org/InStock,,,,auto,0.9
https://www.alanranger.com/photographic-workshops-near-me/suffolk-landscape-photography-workshop,workshop,https://www.alanranger.com/photo-workshops-uk/suffolk-landscape-photography-workshops,,InStock,,,,auto,0.9
https://www.alanranger.com/photographic-workshops-near-me/sunset-chesterton-windmill-photography-workshop,workshop,https://www.alanranger.com/photo-workshops-uk/photography-workshops-chesterton-windmill,,http://schema.org/InStock,,,,auto,0.9
https://www.alanranger.com/photographic-workshops-near-me/sunset-chesterton-windmill-photography-workshop,workshop,https://www.alanranger.com/photo-workshops-uk/photography-workshops-chesterton-windmill,,InStock,,,,auto,0.9
https://www.alanranger.com/photographic-workshops-near-me/sunset-chesterton-windmill-spring,workshop,https://www.alanranger.com/photo-workshops-uk/photography-workshops-chesterton-windmill,,http://schema.org/InStock,,,,auto,0.9
https://www.alanranger.com/photographic-workshops-near-me/sunset-chesterton-windmill-spring,workshop,https://www.alanranger.com/photo-workshops-uk/photography-workshops-chesterton-windmill,,InStock,,,,auto,0.9
https://www.alanranger.com/photographic-workshops-near-me/sunset-chesterton-windmill-spring-7gw7j,workshop,https://www.alanranger.com/photo-workshops-uk/photography-workshops-chesterton-windmill,,http://schema.org/InStock,,,,auto,0.9
https://www.alanranger.com/photographic-workshops-near-me/sunset-chesterton-windmill-spring-7gw7j,workshop,https://www.alanranger.com/photo-workshops-uk/photography-workshops-chesterton-windmill,,InStock,,,,auto,0.9
https://www.alanranger.com/photographic-workshops-near-me/sunset-chesterton-windmill-spring-7gw7j-9akd5,workshop,https://www.alanranger.com/photo-workshops-uk/photography-workshops-chesterton-windmill,,http://schema.org/InStock,,,,auto,0.9
https://www.alanranger.com/photographic-workshops-near-me/sunset-chesterton-windmill-spring-7gw7j-9akd5,workshop,https://www.alanranger.com/photo-workshops-uk/photography-workshops-chesterton-windmill,,InStock,,,,auto,0.9
https://www.alanranger.com/photographic-workshops-near-me/urban-architecture-photography-workshop-coventry,workshop,https://www.alanranger.com/photo-workshops-uk/urban-architecture-photography-workshops-coventry,,http://schema.org/InStock,,,,auto,0.9
https://www.alanranger.com/photographic-workshops-near-me/urban-architecture-photography-workshop-coventry,workshop,https://www.alanranger.com/photo-workshops-uk/urban-architecture-photography-workshops-coventry,,OutOfStock,,,,auto,0.9
https://www.alanranger.com/photographic-workshops-near-me/wales-photography-workshop-vyrnwy-pistyll-rhaeadr,workshop,https://www.alanranger.com/photo-workshops-uk/wales-photography-workshop-pistyll-rhaeadr,,http://schema.org/InStock,,,,auto,0.9
https://www.alanranger.com/photographic-workshops-near-me/wales-photography-workshop-vyrnwy-pistyll-rhaeadr,workshop,https://www.alanranger.com/photo-workshops-uk/wales-photography-workshop-pistyll-rhaeadr,,InStock,,,,auto,0.9
https://www.alanranger.com/photographic-workshops-near-me/woodland-photography-walk-coventry-cv4,workshop,https://www.alanranger.com/photo-workshops-uk/woodland-photography-walk-warwickshire,,http://schema.org/InStock,,,,auto,0.9
https://www.alanranger.com/photographic-workshops-near-me/woodland-photography-walk-coventry-cv4,workshop,https://www.alanranger.com/photo-workshops-uk/woodland-photography-walk-warwickshire,,InStock,,,,auto,0.9
https://www.alanranger.com/photographic-workshops-near-me/woodland-photography-walk-coventry-piles-coppice,workshop,https://www.alanranger.com/photo-workshops-uk/woodland-photography-walk-warwickshire,,http://schema.org/InStock,,,,auto,0.9
https://www.alanranger.com/photographic-workshops-near-me/woodland-photography-walk-coventry-piles-coppice,workshop,https://www.alanranger.com/photo-workshops-uk/woodland-photography-walk-warwickshire,,InStock,,,,auto,0.9
https://www.alanranger.com/photographic-workshops-near-me/woodland-photography-walk-coventry-tile-hill,workshop,https://www.alanranger.com/photo-workshops-uk/woodland-photography-walk-warwickshire,,http://schema.org/InStock,,,,auto,0.9
https://www.alanranger.com/photographic-workshops-near-me/woodland-photography-walk-coventry-tile-hill,workshop,https://www.alanranger.com/photo-workshops-uk/woodland-photography-walk-warwickshire,,InStock,,,,auto,0.9
https://www.alanranger.com/photographic-workshops-near-me/woodland-photography-walk-hay-woods,workshop,https://www.alanranger.com/photo-workshops-uk/woodland-photography-walk-warwickshire,,http://schema.org/InStock,,,,auto,0.9
https://www.alanranger.com/photographic-workshops-near-me/woodland-photography-walk-hay-woods,workshop,https://www.alanranger.com/photo-workshops-uk/woodland-photography-walk-warwickshire,,InStock,,,,auto,0.9
https://www.alanranger.com/photographic-workshops-near-me/woodland-photography-walk-kenilworth-crackley-woods,workshop,https://www.alanranger.com/photo-workshops-uk/woodland-photography-walk-warwickshire,,http://schema.org/InStock,,,,auto,0.9
https://www.alanranger.com/photographic-workshops-near-me/woodland-photography-walk-kenilworth-crackley-woods,workshop,https://www.alanranger.com/photo-workshops-uk/woodland-photography-walk-warwickshire,,InStock,,,,auto,0.9
https://www.alanranger.com/photographic-workshops-near-me/woodland-photography-walk-leamington-oakley-wood,workshop,https://www.alanranger.com/photo-workshops-uk/woodland-photography-walk-warwickshire,,http://schema.org/InStock,2025-03-21T09:30:00+00:00,2025-03-21T11:30:00+00:00,Leamington Spa,auto,0.9
https://www.alanranger.com/photographic-workshops-near-me/woodland-photography-walk-leamington-oakley-wood,workshop,https://www.alanranger.com/photo-workshops-uk/woodland-photography-walk-warwickshire,,InStock,2025-03-21T09:30:00+00:00,2025-03-21T11:30:00+00:00,Leamington Spa,auto,0.9
https://www.alanranger.com/photographic-workshops-near-me/woodland-photography-walk-meriden-millisons-wood,workshop,https://www.alanranger.com/photo-workshops-uk/woodland-photography-walk-warwickshire,,http://schema.org/InStock,,,,auto,0.9
https://www.alanranger.com/photographic-workshops-near-me/woodland-photography-walk-meriden-millisons-wood,workshop,https://www.alanranger.com/photo-workshops-uk/woodland-photography-walk-warwickshire,,InStock,,,,auto,0.9
https://www.alanranger.com/photographic-workshops-near-me/woodland-photography-walk-solihull-hay-woods,workshop,https://www.alanranger.com/photo-workshops-uk/woodland-photography-walk-warwickshire,,http://schema.org/InStock,,,,auto,0.9
https://www.alanranger.com/photographic-workshops-near-me/woodland-photography-walk-solihull-hay-woods,workshop,https://www.alanranger.com/photo-workshops-uk/woodland-photography-walk-warwickshire,,InStock,,,,auto,0.9
https://www.alanranger.com/photographic-workshops-near-me/yorkshire-dales-photography-workshop,workshop,https://www.alanranger.com/photo-workshops-uk/yorkshire-dales-photography-workshops,,http://schema.org/InStock,2026-04-10T09:00:00+00:00,2026-04-12T13:00:00+00:00,Yorkshire Dales,auto,0.9
https://www.alanranger.com/photographic-workshops-near-me/yorkshire-dales-photography-workshop,workshop,https://www.alanranger.com/photo-workshops-uk/yorkshire-dales-photography-workshops,,http://schema.org/InStock,,,,auto,0.9
https://www.alanranger.com/photographic-workshops-near-me/yorkshire-dales-photography-workshop,workshop,https://www.alanranger.com/photo-workshops-uk/yorkshire-dales-photography-workshops,,InStock,2026-04-10T09:00:00+00:00,2026-04-12T13:00:00+00:00,Yorkshire Dales,auto,0.9
https://www.alanranger.com/photographic-workshops-near-me/yorkshire-dales-photography-workshop,workshop,https://www.alanranger.com/photo-workshops-uk/yorkshire-dales-photography-workshops,,InStock,,,,auto,0.9
