Event_Title,Start_Date,Start_Time,End_Date,End_Time,Category,Tags,Excerpt,Location_Business_Name,Location_Address,Location_City_State_ZIP,Event_URL,Event_Image,Text_Block,Published_Date,Workflow_State
Camera Courses For Beginners - Week 1 of 3 - Coventry Oct,2025-10-02,19:00:00,2025-10-02,21:00:00,"beginners-courses,beginners-photography,courses-near-me,enrol-date,location-coventry","camera-settings,composition,exposure,photo-critiques,dslr-settings,Week-1",02/10/2025Coventry - 3-week camera courses for beginners - Everything to get off Automatic mode and learn how to be more creative with Composition and Camera,Coventry,"45 Hathaway Road, Coventry, England, CV4 9HW, United Kingdom",CV4 9HW,https://www.alanranger.com/beginners-photography-lessons/camera-courses-for-beginners-coventry-oct1,https://images.squarespace-cdn.com/content/v1/5013f4b2c4aaa4752ac69b17/1629536412755-A3NEF7ZNBOQ1044I8WVM/beginners-photography-courses.jpg,,2025-04-02 16:03:24,Published
Camera Courses For Beginners - Week 1 of 3 - Coventry 6-10,2025-10-06,19:00:00,2025-10-06,21:00:00,"beginners-courses,beginners-photography,courses-near-me,enrol-date,location-coventry","camera-settings,composition,exposure,photo-critiques,dslr-settings,Week-1",06/10/2025Coventry - 3-week camera courses for beginners - Everything to get off Automatic mode and learn how to be more creative with Composition and Camera,Coventry,"45 Hathaway Road, Coventry, England, CV4 9HW, United Kingdom",CV4 9HW,https://www.alanranger.com/beginners-photography-lessons/camera-courses-for-beginners-coventry-zbcfe,https://images.squarespace-cdn.com/content/v1/5013f4b2c4aaa4752ac69b17/1629536412755-A3NEF7ZNBOQ1044I8WVM/beginners-photography-courses.jpg,,2025-04-02 16:03:17,Published
Camera Courses For Beginners - Week 2 of 3 - Coventry Oct,2025-10-09,19:00:00,2025-10-09,21:00:00,"beginners-courses,beginners-photography,courses-near-me,location-coventry","camera-settings,composition,exposure,photo-critiques,dslr-settings,Week 2",09/10/2025Coventry - 3-week camera courses for beginners - Everything to get off Automatic mode and learn how to be more creative with Composition and Camera,Coventry,"45 Hathaway Road, Coventry, England, CV4 9HW, United Kingdom",CV4 9HW,https://www.alanranger.com/beginners-photography-lessons/camera-courses-for-beginners-coventry-oct2,https://images.squarespace-cdn.com/content/v1/5013f4b2c4aaa4752ac69b17/1629536412755-A3NEF7ZNBOQ1044I8WVM/beginners-photography-courses.jpg,,2025-04-02 16:03:02,Published
Camera Courses For Beginners - Week 2 of 3 - Coventry 13-10,2025-10-13,19:00:00,2025-10-13,21:00:00,"beginners-courses,beginners-photography,courses-near-me,location-coventry","camera-settings,composition,exposure,photo-critiques,dslr-settings,Week 2",13/10/2025Coventry - 3-week camera courses for beginners - Everything to get off Automatic mode and learn how to be more creative with Composition and Camera,Coventry,"45 Hathaway Road, Coventry, England, CV4 9HW, United Kingdom",CV4 9HW,https://www.alanranger.com/beginners-photography-lessons/camera-courses-for-beginners-coventry-4pp2p,https://images.squarespace-cdn.com/content/v1/5013f4b2c4aaa4752ac69b17/1629536412755-A3NEF7ZNBOQ1044I8WVM/beginners-photography-courses.jpg,,2025-04-02 16:02:55,Published
RPS Courses - RPS Distinctions Course - Enrol Anytime -15-10,2025-10-15,19:00:00,2025-10-15,21:00:00,"rps-classes,location-online","composition,lightroom,photo-critiques,photo-editing,photoshop,rps",15/10/2025RPS Courses - RPS Distinctions - Enrol Anytime - Online Mentoring sessions to gain a distinction with the Royal Photographic Society via Zoom,Online - Virtual Class - Zoom Meeting,United Kingdom,,https://www.alanranger.com/beginners-photography-lessons/rps-courses-rps-distinctions-mentoring-2,https://images.squarespace-cdn.com/content/v1/5013f4b2c4aaa4752ac69b17/1685445150893-KNP35P159NIWH07BZSXM/RPS-Distinctions-photography-course.jpg,,2025-07-30 09:59:53,Published
Camera Courses For Beginners - Week 3 of 3 - Coventry Oct,2025-10-16,19:00:00,2025-10-16,21:00:00,"beginners-courses,beginners-photography,courses-near-me,location-coventry","camera-settings,composition,exposure,photo-critiques,dslr-settings",16/10/2025Coventry - 3-week camera courses for beginners - Everything to get off Automatic mode and learn how to be more creative with Composition and Camera,Coventry,"45 Hathaway Road, Coventry, England, CV4 9HW, United Kingdom",CV4 9HW,https://www.alanranger.com/beginners-photography-lessons/camera-courses-for-beginners-coventry-oct3,https://images.squarespace-cdn.com/content/v1/5013f4b2c4aaa4752ac69b17/1629536412755-A3NEF7ZNBOQ1044I8WVM/beginners-photography-courses.jpg,,2025-04-02 16:02:41,Published
Camera Courses For Beginners - Week 3 of 3 - Coventry 20-10,2025-10-20,19:00:00,2025-10-20,21:00:00,"beginners-courses,beginners-photography,courses-near-me,location-coventry","camera-settings,composition,exposure,photo-critiques,dslr-settings,Week 2",20/10/2025Coventry - 3-week camera courses for beginners - Everything to get off Automatic mode and learn how to be more creative with Composition and Camera,Coventry,"45 Hathaway Road, Coventry, England, CV4 9HW, United Kingdom",CV4 9HW,https://www.alanranger.com/beginners-photography-lessons/camera-courses-for-beginners-coventry-8s2ka,https://images.squarespace-cdn.com/content/v1/5013f4b2c4aaa4752ac69b17/1629536412755-A3NEF7ZNBOQ1044I8WVM/beginners-photography-courses.jpg,,2025-04-02 16:02:27,Published
Camera Courses For Beginners - Week 1 of 3 - Coventry Nov,2025-11-03,19:00:00,2025-11-03,21:00:00,"beginners-courses,beginners-photography,courses-near-me,enrol-date,location-coventry","camera-settings,composition,exposure,photo-critiques,dslr-settings,Week-1",03/11/2025Coventry - 3-week camera courses for beginners - Everything to get off Automatic mode and learn how to be more creative with Composition and Camera,Coventry,"45 Hathaway Road, Coventry, England, CV4 9HW, United Kingdom",CV4 9HW,https://www.alanranger.com/beginners-photography-lessons/camera-courses-for-beginners-coventry-8ar5x,https://images.squarespace-cdn.com/content/v1/5013f4b2c4aaa4752ac69b17/1629536412755-A3NEF7ZNBOQ1044I8WVM/beginners-photography-courses.jpg,,2025-04-02 09:48:06,Published
Lightroom Classic Photo Editing Classes -Week 1 of 3 - 4-11,2025-11-04,19:00:00,2025-11-04,21:00:00,"beginners-lightroom,courses-near-me,enrol-date,location-coventry","collections,composition,exporting,exposure,lightroom,photo-critiques,photo-editing,photoshop,Week-1",04/11/2025Coventry - Lightroom photo editing classes - Learn how to use Lightroom Classic on this 3-week course. From the organisation and workflow to editing,Coventry,"45 Hathaway Road, Coventry, England, CV4 9HP, United Kingdom",CV4 9HP,https://www.alanranger.com/beginners-photography-lessons/lightroom-photo-editing-classes-wk1,https://images.squarespace-cdn.com/content/v1/5013f4b2c4aaa4752ac69b17/1675589565448-JHL9406XQ7598QHPOLW5/-LIGHTROOM+COURSE+BLACK.png,,2025-04-02 09:44:37,Published
RPS Courses - RPS Distinctions Course - Enrol Anytime - 6-11,2025-11-06,19:00:00,2025-11-06,21:00:00,"rps-classes,location-online","composition,lightroom,photo-critiques,photo-editing,photoshop,rps",06/11/2025RPS Courses - RPS Distinctions - Enrol Anytime - Online Mentoring sessions to gain a distinction with the Royal Photographic Society via Zoom,Online - Virtual Class - Zoom Meeting,United Kingdom,,https://www.alanranger.com/beginners-photography-lessons/rps-courses-rps-distinctions-mentoring-6,https://images.squarespace-cdn.com/content/v1/5013f4b2c4aaa4752ac69b17/1685445150893-KNP35P159NIWH07BZSXM/RPS-Distinctions-photography-course.jpg,,2025-07-27 18:33:44,Published
Camera Courses For Beginners - Week 2 of 3 - Coventry Nov,2025-11-10,19:00:00,2025-11-10,21:00:00,"beginners-courses,beginners-photography,courses-near-me,location-coventry","camera-settings,composition,exposure,photo-critiques,dslr-settings,Week 2",10/11/2025Coventry - 3-week camera courses for beginners - Everything to get off Automatic mode and learn how to be more creative with Composition and Camera,Coventry,"45 Hathaway Road, Coventry, England, CV4 9HW, United Kingdom",CV4 9HW,https://www.alanranger.com/beginners-photography-lessons/camera-courses-for-beginners-coventry-wc34j,https://images.squarespace-cdn.com/content/v1/5013f4b2c4aaa4752ac69b17/1629536412755-A3NEF7ZNBOQ1044I8WVM/beginners-photography-courses.jpg,,2025-04-02 09:47:56,Published
Lightroom Classic Photo Editing Classes -Week 2 of 3 -11-11,2025-11-11,19:00:00,2025-11-11,21:00:00,"beginners-lightroom,courses-near-me,location-coventry","collections,composition,exporting,exposure,lightroom,photo-critiques,photo-editing,photoshop",11/11/2025Coventry - Lightroom photo editing classes - Learn how to use Lightroom Classic on this 3-week course. From the organisation and workflow to editing,Coventry,"45 Hathaway Road, Coventry, England, CV4 9HP, United Kingdom",CV4 9HP,https://www.alanranger.com/beginners-photography-lessons/lightroom-photo-editing-classes-wk2,https://images.squarespace-cdn.com/content/v1/5013f4b2c4aaa4752ac69b17/1675589565448-JHL9406XQ7598QHPOLW5/-LIGHTROOM+COURSE+BLACK.png,,2025-04-02 09:44:26,Published
Camera Courses For Beginners - Week 1 of 3 - Coventry 12-11,2025-11-12,19:00:00,2025-11-12,21:00:00,"beginners-courses,beginners-photography,courses-near-me,enrol-date,location-coventry","camera-settings,composition,exposure,photo-critiques,dslr-settings,Week-1",12/11/2025Coventry - 3-week camera courses for beginners - Everything to get off Automatic mode and learn how to be more creative with Composition and Camera,Coventry,"45 Hathaway Road, Coventry, England, CV4 9HW, United Kingdom",CV4 9HW,https://www.alanranger.com/beginners-photography-lessons/camera-courses-for-beginners-coventry-dfe,https://images.squarespace-cdn.com/content/v1/5013f4b2c4aaa4752ac69b17/1629536412755-A3NEF7ZNBOQ1044I8WVM/beginners-photography-courses.jpg,,2025-08-04 18:03:37,Published
Camera Courses For Beginners - Week 3 of 3 - Coventry Nov,2025-11-17,19:00:00,2025-11-17,21:00:00,"beginners-courses,beginners-photography,courses-near-me,location-coventry","camera-settings,composition,exposure,photo-critiques,dslr-settings,Week 2",17/11/2025Coventry - 3-week camera courses for beginners - Everything to get off Automatic mode and learn how to be more creative with Composition and Camera,Coventry,"45 Hathaway Road, Coventry, England, CV4 9HW, United Kingdom",CV4 9HW,https://www.alanranger.com/beginners-photography-lessons/camera-courses-for-beginners-coventry-3yj3h,https://images.squarespace-cdn.com/content/v1/5013f4b2c4aaa4752ac69b17/1629536412755-A3NEF7ZNBOQ1044I8WVM/beginners-photography-courses.jpg,,2025-04-02 09:47:46,Published
Lightroom Classic Photo Editing Classes -Week 3 of 3 -18-11,2025-11-18,19:00:00,2025-11-18,21:00:00,"beginners-lightroom,courses-near-me,location-coventry","collections,composition,exporting,exposure,lightroom,photo-critiques,photo-editing,photoshop",18/11/2025Coventry - Lightroom photo editing classes - Learn how to use Lightroom Classic on this 3-week course. From the organisation and workflow to editing,Coventry,"45 Hathaway Road, Coventry, England, CV4 9HP, United Kingdom",CV4 9HP,https://www.alanranger.com/beginners-photography-lessons/lightroom-photo-editing-classes-wk3,https://images.squarespace-cdn.com/content/v1/5013f4b2c4aaa4752ac69b17/1675589565448-JHL9406XQ7598QHPOLW5/-LIGHTROOM+COURSE+BLACK.png,,2025-04-02 09:44:10,Published
Camera Courses For Beginners - Week 2 of 3 - Coventry 19-11,2025-11-19,19:00:00,2025-11-19,21:00:00,"beginners-courses,beginners-photography,courses-near-me,location-coventry","camera-settings,composition,exposure,photo-critiques,dslr-settings,Week 2",19/11/2025Coventry - 3-week camera courses for beginners - Everything to get off Automatic mode and learn how to be more creative with Composition and Camera,Coventry,"45 Hathaway Road, Coventry, England, CV4 9HW, United Kingdom",CV4 9HW,https://www.alanranger.com/beginners-photography-lessons/camera-courses-for-beginners-coventry-hnp3g,https://images.squarespace-cdn.com/content/v1/5013f4b2c4aaa4752ac69b17/1629536412755-A3NEF7ZNBOQ1044I8WVM/beginners-photography-courses.jpg,,2025-08-04 18:04:09,Published
Camera Courses For Beginners - Week 3 of 3 - Coventry 26-11,2025-11-26,19:00:00,2025-11-26,21:00:00,"beginners-courses,beginners-photography,courses-near-me,location-coventry","camera-settings,composition,exposure,photo-critiques,dslr-settings",26/11/2025Coventry - 3-week camera courses for beginners - Everything to get off Automatic mode and learn how to be more creative with Composition and Camera,Coventry,"45 Hathaway Road, Coventry, England, CV4 9HW, United Kingdom",CV4 9HW,https://www.alanranger.com/beginners-photography-lessons/camera-courses-for-beginners-coventry-mw83l,https://images.squarespace-cdn.com/content/v1/5013f4b2c4aaa4752ac69b17/1629536412755-A3NEF7ZNBOQ1044I8WVM/beginners-photography-courses.jpg,,2025-08-04 18:04:56,Published
RPS Courses - RPS Distinctions Course - Enrol Anytime -1-12,2025-12-01,19:00:00,2025-12-01,21:00:00,"rps-classes,location-online","composition,lightroom,photo-critiques,photo-editing,photoshop,rps",01/12/2025RPS Courses - RPS Distinctions - Enrol Anytime - Online Mentoring sessions to gain a distinction with the Royal Photographic Society via Zoom,Online - Virtual Class - Zoom Meeting,United Kingdom,,https://www.alanranger.com/beginners-photography-lessons/rps-courses-rps-distinctions-mentoring-3,https://images.squarespace-cdn.com/content/v1/5013f4b2c4aaa4752ac69b17/1685445150893-KNP35P159NIWH07BZSXM/RPS-Distinctions-photography-course.jpg,,2025-07-27 18:35:45,Published
Camera Courses For Beginners - Week 1 of 3 - Coventry 2-12,2025-12-02,19:00:00,2025-12-02,21:00:00,"beginners-courses,beginners-photography,courses-near-me,enrol-date,location-coventry","camera-settings,composition,exposure,photo-critiques,dslr-settings,Week-1",02/12/2025Coventry - 3-week camera courses for beginners - Everything to get off Automatic mode and learn how to be more creative with Composition and Camera,Coventry,"45 Hathaway Road, Coventry, England, CV4 9HW, United Kingdom",CV4 9HW,https://www.alanranger.com/beginners-photography-lessons/camera-courses-for-beginners-coventry-2n74k,https://images.squarespace-cdn.com/content/v1/5013f4b2c4aaa4752ac69b17/1629536412755-A3NEF7ZNBOQ1044I8WVM/beginners-photography-courses.jpg,,2025-04-02 15:57:50,Published
Camera Courses For Beginners - Week 2 of 3 - Coventry 9-12,2025-12-09,19:00:00,2025-12-09,21:00:00,"beginners-courses,beginners-photography,courses-near-me,location-coventry","camera-settings,composition,exposure,photo-critiques,dslr-settings,Week 2",09/12/2025Coventry - 3-week camera courses for beginners - Everything to get off Automatic mode and learn how to be more creative with Composition and Camera,Coventry,"45 Hathaway Road, Coventry, England, CV4 9HW, United Kingdom",CV4 9HW,https://www.alanranger.com/beginners-photography-lessons/camera-courses-for-beginners-coventry-dg9pz,https://images.squarespace-cdn.com/content/v1/5013f4b2c4aaa4752ac69b17/1629536412755-A3NEF7ZNBOQ1044I8WVM/beginners-photography-courses.jpg,,2025-04-02 15:57:35,Published
Camera Courses For Beginners - Week 3 of 3 - Coventry 16-12,2025-12-16,19:00:00,2025-12-16,21:00:00,"beginners-courses,beginners-photography,courses-near-me,location-coventry","camera-settings,composition,exposure,photo-critiques,dslr-settings,Week 2",16/12/2025Coventry - 3-week camera courses for beginners - Everything to get off Automatic mode and learn how to be more creative with Composition and Camera,Coventry,"45 Hathaway Road, Coventry, England, CV4 9HW, United Kingdom",CV4 9HW,https://www.alanranger.com/beginners-photography-lessons/camera-courses-for-beginners-coventry-nhjlm,https://images.squarespace-cdn.com/content/v1/5013f4b2c4aaa4752ac69b17/1629536412755-A3NEF7ZNBOQ1044I8WVM/beginners-photography-courses.jpg,,2025-04-02 15:57:19,Published
Camera Courses For Beginners - Week 1 of 3 - Coventry Jan,2026-01-06,19:00:00,2026-01-06,21:00:00,"beginners-courses,beginners-photography,courses-near-me,enrol-date,location-coventry","camera-settings,composition,exposure,photo-critiques,dslr-settings,Week-1",06/01/2026Coventry - 3-week camera courses for beginners - Everything to get off Automatic mode and learn how to be more creative with Composition and Camera,Coventry,"45 Hathaway Road, Coventry, England, CV4 9HW, United Kingdom",CV4 9HW,https://www.alanranger.com/beginners-photography-lessons/camera-courses-for-beginners-coventry-wk1,https://images.squarespace-cdn.com/content/v1/5013f4b2c4aaa4752ac69b17/1629536412755-A3NEF7ZNBOQ1044I8WVM/beginners-photography-courses.jpg,,2025-05-13 14:16:26,Published
Lightroom Classic Photo Editing Classes - Week 1 of 3 -7-1,2026-01-07,19:00:00,2026-01-07,21:00:00,"beginners-lightroom,courses-near-me,enrol-date,location-coventry","collections,composition,exporting,exposure,lightroom,photo-critiques,photo-editing,photoshop,Week-1",07/01/2026Coventry - Lightroom photo editing classes - Learn how to use Lightroom Classic on this 3-week course. From the organisation and workflow to editing,Coventry,"45 Hathaway Road, Coventry, England, CV4 9HP, United Kingdom",CV4 9HP,https://www.alanranger.com/beginners-photography-lessons/lightroom-photo-editing-classes-wk1-kdh5k,https://images.squarespace-cdn.com/content/v1/5013f4b2c4aaa4752ac69b17/1675589565448-JHL9406XQ7598QHPOLW5/-LIGHTROOM+COURSE+BLACK.png,,2025-05-13 17:33:41,Published
Camera Courses For Beginners - Week 2 of 3 - Coventry Jan,2026-01-13,19:00:00,2026-01-13,21:00:00,"beginners-courses,beginners-photography,courses-near-me,location-coventry","camera-settings,composition,exposure,photo-critiques,dslr-settings,Week 2",13/01/2026Coventry - 3-week camera courses for beginners - Everything to get off Automatic mode and learn how to be more creative with Composition and Camera,Coventry,"45 Hathaway Road, Coventry, England, CV4 9HW, United Kingdom",CV4 9HW,https://www.alanranger.com/beginners-photography-lessons/camera-courses-for-beginners-coventry-,https://images.squarespace-cdn.com/content/v1/5013f4b2c4aaa4752ac69b17/1629536412755-A3NEF7ZNBOQ1044I8WVM/beginners-photography-courses.jpg,,2025-05-13 14:16:50,Published
Lightroom Classic Photo Editing Classes - Week 2 of 3 - 14-1,2026-01-14,19:00:00,2026-01-14,21:00:00,"beginners-lightroom,courses-near-me,location-coventry","collections,composition,exporting,exposure,lightroom,photo-critiques,photo-editing,photoshop",14/01/2026Coventry - Lightroom photo editing classes - Learn how to use Lightroom Classic on this 3-week course. From the organisation and workflow to editing,Coventry,"45 Hathaway Road, Coventry, England, CV4 9HP, United Kingdom",CV4 9HP,https://www.alanranger.com/beginners-photography-lessons/lightroom-photo-editing-classes-wk2-n8l4l,https://images.squarespace-cdn.com/content/v1/5013f4b2c4aaa4752ac69b17/1675589565448-JHL9406XQ7598QHPOLW5/-LIGHTROOM+COURSE+BLACK.png,,2025-05-13 17:33:54,Published
Camera Courses For Beginners - Week 3 of 3 - Coventry Jan,2026-01-20,19:00:00,2026-01-20,21:00:00,"beginners-courses,beginners-photography,courses-near-me,location-coventry","camera-settings,composition,exposure,photo-critiques,dslr-settings",20/01/2026Coventry - 3-week camera courses for beginners - Everything to get off Automatic mode and learn how to be more creative with Composition and Camera,Coventry,"45 Hathaway Road, Coventry, England, CV4 9HW, United Kingdom",CV4 9HW,https://www.alanranger.com/beginners-photography-lessons/camera-courses-for-beginners-coventry-be4sb,https://images.squarespace-cdn.com/content/v1/5013f4b2c4aaa4752ac69b17/1629536412755-A3NEF7ZNBOQ1044I8WVM/beginners-photography-courses.jpg,,2025-05-13 14:17:05,Published
Lightroom Classic Photo Editing Classes - Week 3 of 3 - 21-1,2026-01-21,19:00:00,2026-01-21,21:00:00,"beginners-lightroom,courses-near-me,location-coventry","collections,composition,exporting,exposure,lightroom,photo-critiques,photo-editing,photoshop",21/01/2026Coventry - Lightroom photo editing classes - Learn how to use Lightroom Classic on this 3-week course. From the organisation and workflow to editing,Coventry,"45 Hathaway Road, Coventry, England, CV4 9HP, United Kingdom",CV4 9HP,https://www.alanranger.com/beginners-photography-lessons/lightroom-photo-editing-classes-wk3-7cd64,https://images.squarespace-cdn.com/content/v1/5013f4b2c4aaa4752ac69b17/1675589565448-JHL9406XQ7598QHPOLW5/-LIGHTROOM+COURSE+BLACK.png,,2025-05-13 17:34:17,Published
Camera Courses For Beginners - Week 1 of 3 - Coventry Feb,2026-02-04,19:00:00,2026-02-04,21:00:00,"beginners-courses,beginners-photography,enrol-date,location-coventry,courses-near-me","camera-settings,exposure,photo-critiques,dslr-settings,Week-1",04/02/2026Coventry - 3-week camera courses for beginners - Everything to get off Automatic mode and learn how to be more creative with Composition and Camera,Alan Ranger Photography,"45 Hathaway Road, Coventry, West Midlands, CV4 9HW, United Kingdom",CV4 9HW,https://www.alanranger.com/beginners-photography-lessons/camera-courses-for-beginners-week-1,https://images.squarespace-cdn.com/content/v1/5013f4b2c4aaa4752ac69b17/1739790053633-OK80ELPCAKC96CKJLXA3/beginners-photography-courses.jpg,,2025-08-04 17:42:24,Published
Camera Courses For Beginners - Week 2 of 3 - Coventry Feb,2026-02-11,19:00:00,2026-02-11,21:00:00,"beginners-courses,beginners-photography,courses-near-me,location-coventry","camera-settings,exposure,photo-critiques,dslr-settings,Week 2",11/02/2026Coventry - 3-week camera courses for beginners - Everything to get off Automatic mode and learn how to be more creative with Composition and Camera,Alan Ranger Photography,"45 Hathaway Road, Coventry, West Midlands, CV4 9HW, United Kingdom",CV4 9HW,https://www.alanranger.com/beginners-photography-lessons/camera-courses-for-beginners-wk2,https://images.squarespace-cdn.com/content/v1/5013f4b2c4aaa4752ac69b17/1739790053633-OK80ELPCAKC96CKJLXA3/beginners-photography-courses.jpg,,2025-08-04 17:42:35,Published
Camera Courses For Beginners - Week 3 of 3 - Coventry,2026-02-18,19:00:00,2026-02-18,21:00:00,"beginners-courses,beginners-photography,courses-near-me,location-coventry","camera-settings,dslr-settings,photo-critiques,exposure",18/02/2026Coventry - 3-week camera courses for beginners - Everything to get off Automatic mode and learn how to be more creative with Composition and Camera,Alan Ranger Photography,"45 Hathaway Road, Coventry, West Midlands, CV4 9HW, United Kingdom",CV4 9HW,https://www.alanranger.com/beginners-photography-lessons/camera-courses-for-beginners-week-3,https://images.squarespace-cdn.com/content/v1/5013f4b2c4aaa4752ac69b17/1739790053633-OK80ELPCAKC96CKJLXA3/beginners-photography-courses.jpg,,2025-08-04 17:42:47,Published
Camera Courses For Beginners - Week 1 of 3 - Coventry 9-3,2026-03-09,19:00:00,2026-03-09,21:00:00,"beginners-courses,beginners-photography,courses-near-me,enrol-date,location-coventry",,09/03/2026Coventry - 3-week camera courses for beginners - Everything to get off Automatic mode and learn how to be more creative with Composition and Camera,Alan Ranger Photography,"45 Hathaway Road, Coventry, England, CV4 9HW, United Kingdom",CV4 9HW,https://www.alanranger.com/beginners-photography-lessons/camera-courses-for-beginners-coventry-7breh,https://images.squarespace-cdn.com/content/v1/5013f4b2c4aaa4752ac69b17/1629536412755-A3NEF7ZNBOQ1044I8WVM/beginners-photography-courses.jpg,,2025-08-07 08:51:59,Published
Camera Courses For Beginners - Week 2 of 3 - Coventry 16-3,2026-03-16,19:00:00,2026-03-16,21:00:00,"beginners-courses,beginners-photography,courses-near-me,location-coventry","camera-settings,composition,exposure,photo-critiques,dslr-settings,Week 2",16/03/2026Coventry - 3-week camera courses for beginners - Everything to get off Automatic mode and learn how to be more creative with Composition and Camera,Coventry,"45 Hathaway Road, Coventry, England, CV4 9HW, United Kingdom",CV4 9HW,https://www.alanranger.com/beginners-photography-lessons/camera-courses-for-beginners-coventry-hl4tm,https://images.squarespace-cdn.com/content/v1/5013f4b2c4aaa4752ac69b17/1629536412755-A3NEF7ZNBOQ1044I8WVM/beginners-photography-courses.jpg,,2025-08-04 18:19:10,Published
Camera Courses For Beginners - Week 3 of 3 - Coventry 23-3,2026-03-23,19:00:00,2026-03-23,21:00:00,"beginners-courses,beginners-photography,courses-near-me,location-coventry","camera-settings,composition,exposure,photo-critiques,dslr-settings",23/03/2026Coventry - 3-week camera courses for beginners - Everything to get off Automatic mode and learn how to be more creative with Composition and Camera,Coventry,"45 Hathaway Road, Coventry, England, CV4 9HW, United Kingdom",CV4 9HW,https://www.alanranger.com/beginners-photography-lessons/camera-courses-for-beginners-coventry-s2klg,https://images.squarespace-cdn.com/content/v1/5013f4b2c4aaa4752ac69b17/1629536412755-A3NEF7ZNBOQ1044I8WVM/beginners-photography-courses.jpg,,2025-08-04 18:19:53,Published
RPS Courses - RPS Distinctions Course - Enrol Anytime -29-9,2025-09-29,19:00:00,2025-09-29,21:00:00,"rps-classes,location-online","composition,lightroom,photo-critiques,photo-editing,photoshop,rps",29/09/2025RPS Courses - RPS Distinctions - Enrol Anytime - Online Mentoring sessions to gain a distinction with the Royal Photographic Society via Zoom,Online - Virtual Class - Zoom Meeting,United Kingdom,,https://www.alanranger.com/beginners-photography-lessons/rps-courses-rps-distinctions-mentoring-1,https://images.squarespace-cdn.com/content/v1/5013f4b2c4aaa4752ac69b17/1685445150893-KNP35P159NIWH07BZSXM/RPS-Distinctions-photography-course.jpg,,2025-07-27 18:34:03,Published
Camera Courses For Beginners - Week 3 of 3 - Coventry 25-9,2025-09-25,19:00:00,2025-09-25,21:00:00,"beginners-courses,beginners-photography,courses-near-me,location-coventry","camera-settings,composition,exposure,photo-critiques,dslr-settings,Week 2",25/09/2025Coventry - 3-week camera courses for beginners - Everything to get off Automatic mode and learn how to be more creative with Composition and Camera,Coventry,"45 Hathaway Road, Coventry, England, CV4 9HW, United Kingdom",CV4 9HW,https://www.alanranger.com/beginners-photography-lessons/camera-courses-for-beginners-coventry-nzwzx,https://images.squarespace-cdn.com/content/v1/5013f4b2c4aaa4752ac69b17/1629536412755-A3NEF7ZNBOQ1044I8WVM/beginners-photography-courses.jpg,,2025-04-02 16:03:41,Published
Camera Courses For Beginners - Week 3 of 3 - Coventry Sep,2025-09-22,19:00:00,2025-09-22,21:00:00,"beginners-courses,beginners-photography,courses-near-me,location-coventry","camera-settings,composition,exposure,photo-critiques,dslr-settings",22/09/2025Coventry - 3-week camera courses for beginners - Everything to get off Automatic mode and learn how to be more creative with Composition and Camera,Coventry,"45 Hathaway Road, Coventry, England, CV4 9HW, United Kingdom",CV4 9HW,https://www.alanranger.com/beginners-photography-lessons/camera-courses-for-beginners-coventry-2k99k,https://images.squarespace-cdn.com/content/v1/5013f4b2c4aaa4752ac69b17/1629536412755-A3NEF7ZNBOQ1044I8WVM/beginners-photography-courses.jpg,,2025-04-02 16:03:48,Published
Camera Courses For Beginners - Week 2 of 3 - Coventry 9-18,2025-09-18,19:00:00,2025-09-18,21:00:00,"beginners-courses,beginners-photography,courses-near-me,location-coventry","camera-settings,composition,exposure,photo-critiques,dslr-settings,Week 2",18/09/2025Coventry - 3-week camera courses for beginners - Everything to get off Automatic mode and learn how to be more creative with Composition and Camera,Coventry,"45 Hathaway Road, Coventry, England, CV4 9HW, United Kingdom",CV4 9HW,https://www.alanranger.com/beginners-photography-lessons/camera-courses-for-beginners-coventry-dhecf,https://images.squarespace-cdn.com/content/v1/5013f4b2c4aaa4752ac69b17/1629536412755-A3NEF7ZNBOQ1044I8WVM/beginners-photography-courses.jpg,,2025-04-02 16:04:01,Published
Lightroom Classic Photo Editing Classes - Week 3 of 3 - 17-9,2025-09-17,19:00:00,2025-09-17,21:00:00,"beginners-lightroom,courses-near-me,location-coventry","collections,composition,exporting,exposure,lightroom,photo-critiques,photo-editing,photoshop",17/09/2025Coventry - Lightroom photo editing classes - Learn how to use Lightroom Classic on this 3-week course. From the organisation and workflow to editing,Coventry,"45 Hathaway Road, Coventry, England, CV4 9HP, United Kingdom",CV4 9HP,https://www.alanranger.com/beginners-photography-lessons/lightroom-photo-editing-classes-wk3-9b3t3,https://images.squarespace-cdn.com/content/v1/5013f4b2c4aaa4752ac69b17/1675589565448-JHL9406XQ7598QHPOLW5/-LIGHTROOM+COURSE+BLACK.png,,2025-04-02 09:44:51,Published
Camera Courses For Beginners - Week 2 of 3 - Coventry Sep,2025-09-15,19:00:00,2025-09-15,21:00:00,"beginners-courses,beginners-photography,courses-near-me,location-coventry","camera-settings,composition,exposure,photo-critiques,dslr-settings,Week 2",15/09/2025Coventry - 3-week camera courses for beginners - Everything to get off Automatic mode and learn how to be more creative with Composition and Camera,Coventry,"45 Hathaway Road, Coventry, England, CV4 9HW, United Kingdom",CV4 9HW,https://www.alanranger.com/beginners-photography-lessons/camera-courses-for-beginners-coventry-2sj27,https://images.squarespace-cdn.com/content/v1/5013f4b2c4aaa4752ac69b17/1629536412755-A3NEF7ZNBOQ1044I8WVM/beginners-photography-courses.jpg,,2025-04-02 16:04:09,Published
Camera Courses For Beginners - Week 1 of 3 - Coventry Sep,2025-09-11,19:00:00,2025-09-11,21:00:00,"beginners-courses,beginners-photography,courses-near-me,enrol-date,location-coventry","camera-settings,composition,exposure,photo-critiques,dslr-settings,Week-1",11/09/2025Coventry - 3-week camera courses for beginners - Everything to get off Automatic mode and learn how to be more creative with Composition and Camera,Coventry,"45 Hathaway Road, Coventry, England, CV4 9HW, United Kingdom",CV4 9HW,https://www.alanranger.com/beginners-photography-lessons/camera-courses-for-beginners-coventry-w5nkt,https://images.squarespace-cdn.com/content/v1/5013f4b2c4aaa4752ac69b17/1629536412755-A3NEF7ZNBOQ1044I8WVM/beginners-photography-courses.jpg,,2025-04-02 16:04:45,Published
Lightroom Classic Photo Editing Classes - Week 2 of 3 - 10/9,2025-09-10,19:00:00,2025-09-10,21:00:00,"beginners-lightroom,courses-near-me,location-coventry","collections,composition,exporting,exposure,lightroom,photo-critiques,photo-editing,photoshop",10/09/2025Coventry - Lightroom photo editing classes - Learn how to use Lightroom Classic on this 3-week course. From the organisation and workflow to editing,Coventry,"45 Hathaway Road, Coventry, England, CV4 9HP, United Kingdom",CV4 9HP,https://www.alanranger.com/beginners-photography-lessons/lightroom-photo-editing-classes-wk2-y3262,https://images.squarespace-cdn.com/content/v1/5013f4b2c4aaa4752ac69b17/1675589565448-JHL9406XQ7598QHPOLW5/-LIGHTROOM+COURSE+BLACK.png,,2025-04-02 09:45:05,Published
RPS Courses - RPS Distinctions Course - Enrol Anytime-9/9,2025-09-09,19:00:00,2025-09-09,21:00:00,"rps-classes,location-online","composition,lightroom,photo-critiques,photo-editing,photoshop,rps",09/09/2025RPS Courses - RPS Distinctions - Enrol Anytime - Online Mentoring sessions to gain a distinction with the Royal Photographic Society via Zoom,Online - Virtual Class - Zoom Meeting,United Kingdom,,https://www.alanranger.com/beginners-photography-lessons/rps-courses-rps-distinctions-mentoring-5,https://images.squarespace-cdn.com/content/v1/5013f4b2c4aaa4752ac69b17/1685445150893-KNP35P159NIWH07BZSXM/RPS-Distinctions-photography-course.jpg,,2025-07-27 18:33:57,Published
Camera Courses For Beginners - Week 1 of 3 - Coventry - Sep,2025-09-08,19:00:00,2025-09-08,21:00:00,"beginners-courses,beginners-photography,courses-near-me,enrol-date,location-coventry","camera-settings,composition,exposure,photo-critiques,dslr-settings,Week-1",08/09/2025Coventry - 3-week camera courses for beginners - Everything to get off Automatic mode and learn how to be more creative with Composition and Camera,Coventry,"45 Hathaway Road, Coventry, England, CV4 9HW, United Kingdom",CV4 9HW,https://www.alanranger.com/beginners-photography-lessons/camera-courses-for-beginners-coventry-bds4t,https://images.squarespace-cdn.com/content/v1/5013f4b2c4aaa4752ac69b17/1629536412755-A3NEF7ZNBOQ1044I8WVM/beginners-photography-courses.jpg,,2025-04-02 16:04:56,Published
Lightroom Classic Photo Editing Classes - Week 1 of 3 -3-9,2025-09-03,19:00:00,2025-09-03,21:00:00,"beginners-lightroom,courses-near-me,enrol-date,location-coventry","collections,composition,exporting,exposure,lightroom,photo-critiques,photo-editing,photoshop,Week-1",03/09/2025Coventry - Lightroom photo editing classes - Learn how to use Lightroom Classic on this 3-week course. From the organisation and workflow to editing,Coventry,"45 Hathaway Road, Coventry, England, CV4 9HP, United Kingdom",CV4 9HP,https://www.alanranger.com/beginners-photography-lessons/lightroom-photo-editing-classes-wk1-rrkhn,https://images.squarespace-cdn.com/content/v1/5013f4b2c4aaa4752ac69b17/1675589565448-JHL9406XQ7598QHPOLW5/-LIGHTROOM+COURSE+BLACK.png,,2025-04-02 09:45:20,Published
RPS Courses - RPS Distinctions Course - Enrol Anytime - 13/8,2025-08-13,19:00:00,2025-08-13,21:00:00,"rps-classes,location-online","composition,lightroom,photo-critiques,photo-editing,photoshop,rps",13/08/2025RPS Courses - RPS Distinctions - Enrol Anytime - Online Mentoring sessions to gain a distinction with the Royal Photographic Society via Zoom,Online - Virtual Class - Zoom Meeting,United Kingdom,,https://www.alanranger.com/beginners-photography-lessons/rps-courses-rps-distinctions-mentoring-4,https://images.squarespace-cdn.com/content/v1/5013f4b2c4aaa4752ac69b17/1685445150893-KNP35P159NIWH07BZSXM/RPS-Distinctions-photography-course.jpg,,2025-07-27 18:33:52,Published
Lightroom Classic Photo Editing Classes -Week 3 of 3 - 4-6,2025-06-04,19:00:00,2025-06-04,21:00:00,"beginners-lightroom,courses-near-me,location-coventry","collections,composition,exporting,exposure,lightroom,photo-critiques,photo-editing,photoshop",04/06/2025Coventry - Lightroom photo editing classes - Learn how to use Lightroom Classic on this 3-week course. From the organisation and workflow to editing,Coventry,"45 Hathaway Road, Coventry, England, CV4 9HP, United Kingdom",CV4 9HP,https://www.alanranger.com/beginners-photography-lessons/lightroom-photo-editing-classes-wk3-42ynf,https://images.squarespace-cdn.com/content/v1/5013f4b2c4aaa4752ac69b17/1675589565448-JHL9406XQ7598QHPOLW5/-LIGHTROOM+COURSE+BLACK.png,,2025-04-02 09:45:33,Published
Lightroom Classic Photo Editing Classes -Week 2 of 3 - 28-5,2025-05-28,19:00:00,2025-05-28,21:00:00,"beginners-lightroom,courses-near-me,location-coventry","collections,composition,exporting,exposure,lightroom,photo-critiques,photo-editing,photoshop",28/05/2025Coventry - Lightroom photo editing classes - Learn how to use Lightroom Classic on this 3-week course. From the organisation and workflow to editing,Coventry,"45 Hathaway Road, Coventry, England, CV4 9HP, United Kingdom",CV4 9HP,https://www.alanranger.com/beginners-photography-lessons/lightroom-photo-editing-classes-wk2-55f3d,https://images.squarespace-cdn.com/content/v1/5013f4b2c4aaa4752ac69b17/1675589565448-JHL9406XQ7598QHPOLW5/-LIGHTROOM+COURSE+BLACK.png,,2025-04-02 09:45:45,Published
Lightroom Classic Photo Editing Classes -Week 1 of 3 -21-5,2025-05-21,19:00:00,2025-05-21,21:00:00,"beginners-lightroom,courses-near-me,enrol-date,location-coventry","collections,composition,exporting,exposure,lightroom,photo-critiques,photo-editing,photoshop,Week-1",21/05/2025Coventry - Lightroom photo editing classes - Learn how to use Lightroom Classic on this 3-week course. From the organisation and workflow to editing,Coventry,"45 Hathaway Road, Coventry, England, CV4 9HP, United Kingdom",CV4 9HP,https://www.alanranger.com/beginners-photography-lessons/lightroom-photo-editing-classes-wk1-xx94r,https://images.squarespace-cdn.com/content/v1/5013f4b2c4aaa4752ac69b17/1675589565448-JHL9406XQ7598QHPOLW5/-LIGHTROOM+COURSE+BLACK.png,,2025-04-02 09:45:59,Published