event_url,subtype,product_url,product_title,price_gbp,availability,date_start,date_end,start_time,end_time,event_location,map_method,confidence,participants,fitness_level,event_title,json_price,json_availability,price_currency
https://www.alanranger.com/beginners-photography-lessons/camera-courses-for-beginners-coventry-,course,https://www.alanranger.com/photography-services-near-me/beginners-photography-course,Beginners Photography Course | 3 Weekly Evening Classes,150,InStock,2026-01-13T19:00:00+00:00,2026-01-13T21:00:00+00:00,19:00:00,21:00:00,Coventry,auto,,,,,,,
https://www.alanranger.com/beginners-photography-lessons/camera-courses-for-beginners-coventry-2k99k,course,https://www.alanranger.com/photography-services-near-me/beginners-photography-course,Beginners Photography Course | 3 Weekly Evening Classes,150,InStock,2025-09-22T18:00:00+00:00,2025-09-22T20:00:00+00:00,18:00:00,20:00:00,Coventry,auto,,,,,,,
https://www.alanranger.com/beginners-photography-lessons/camera-courses-for-beginners-coventry-2n74k,course,https://www.alanranger.com/photography-services-near-me/beginners-photography-course,Beginners Photography Course | 3 Weekly Evening Classes,150,InStock,2025-12-02T19:00:00+00:00,2025-12-02T21:00:00+00:00,19:00:00,21:00:00,Coventry,auto,,,,,,,
https://www.alanranger.com/beginners-photography-lessons/camera-courses-for-beginners-coventry-2sj27,course,https://www.alanranger.com/photography-services-near-me/beginners-photography-course,Beginners Photography Course | 3 Weekly Evening Classes,150,InStock,2025-09-15T18:00:00+00:00,2025-09-15T20:00:00+00:00,18:00:00,20:00:00,Coventry,auto,,,,,,,
https://www.alanranger.com/beginners-photography-lessons/camera-courses-for-beginners-coventry-3yj3h,course,https://www.alanranger.com/photography-services-near-me/beginners-photography-course,Beginners Photography Course | 3 Weekly Evening Classes,150,InStock,2025-11-17T19:00:00+00:00,2025-11-17T21:00:00+00:00,19:00:00,21:00:00,Coventry,auto,,,,,,,
https://www.alanranger.com/beginners-photography-lessons/camera-courses-for-beginners-coventry-4pp2p,course,https://www.alanranger.com/photography-services-near-me/beginners-photography-course,Beginners Photography Course | 3 Weekly Evening Classes,150,InStock,2025-10-13T18:00:00+00:00,2025-10-13T20:00:00+00:00,18:00:00,20:00:00,Coventry,auto,,,,,,,
https://www.alanranger.com/beginners-photography-lessons/camera-courses-for-beginners-coventry-7breh,course,https://www.alanranger.com/photography-services-near-me/beginners-photography-course,Beginners Photography Course | 3 Weekly Evening Classes,150,InStock,2026-03-09T19:00:00+00:00,2026-03-09T21:00:00+00:00,19:00:00,21:00:00,Alan Ranger Photography,auto,,,,,,,
https://www.alanranger.com/beginners-photography-lessons/camera-courses-for-beginners-coventry-8ar5x,course,https://www.alanranger.com/photography-services-near-me/beginners-photography-course,Beginners Photography Course | 3 Weekly Evening Classes,150,InStock,2025-11-03T19:00:00+00:00,2025-11-03T21:00:00+00:00,19:00:00,21:00:00,Coventry,auto,,,,,,,
https://www.alanranger.com/beginners-photography-lessons/camera-courses-for-beginners-coventry-8s2ka,course,https://www.alanranger.com/photography-services-near-me/beginners-photography-course,Beginners Photography Course | 3 Weekly Evening Classes,150,InStock,2025-10-20T18:00:00+00:00,2025-10-20T20:00:00+00:00,18:00:00,20:00:00,Coventry,auto,,,,,,,
https://www.alanranger.com/beginners-photography-lessons/camera-courses-for-beginners-coventry-bds4t,course,https://www.alanranger.com/photography-services-near-me/beginners-photography-course,Beginners Photography Course | 3 Weekly Evening Classes,150,InStock,2025-09-08T18:00:00+00:00,2025-09-08T20:00:00+00:00,18:00:00,20:00:00,Coventry,auto,,,,,,,
https://www.alanranger.com/beginners-photography-lessons/camera-courses-for-beginners-coventry-be4sb,course,https://www.alanranger.com/photography-services-near-me/beginners-photography-course,Beginners Photography Course | 3 Weekly Evening Classes,150,InStock,2026-01-20T19:00:00+00:00,2026-01-20T21:00:00+00:00,19:00:00,21:00:00,Coventry,auto,,,,,,,
https://www.alanranger.com/beginners-photography-lessons/camera-courses-for-beginners-coventry-dfe,course,https://www.alanranger.com/photography-services-near-me/beginners-photography-course,Beginners Photography Course | 3 Weekly Evening Classes,150,InStock,2025-11-12T19:00:00+00:00,2025-11-12T21:00:00+00:00,19:00:00,21:00:00,Coventry,auto,,,,,,,
https://www.alanranger.com/beginners-photography-lessons/camera-courses-for-beginners-coventry-dg9pz,course,https://www.alanranger.com/photography-services-near-me/beginners-photography-course,Beginners Photography Course | 3 Weekly Evening Classes,150,InStock,2025-12-09T19:00:00+00:00,2025-12-09T21:00:00+00:00,19:00:00,21:00:00,Coventry,auto,,,,,,,
https://www.alanranger.com/beginners-photography-lessons/camera-courses-for-beginners-coventry-dhecf,course,https://www.alanranger.com/photography-services-near-me/beginners-photography-course,Beginners Photography Course | 3 Weekly Evening Classes,150,InStock,2025-09-18T18:00:00+00:00,2025-09-18T20:00:00+00:00,18:00:00,20:00:00,Coventry,auto,,,,,,,
https://www.alanranger.com/beginners-photography-lessons/camera-courses-for-beginners-coventry-hl4tm,course,https://www.alanranger.com/photography-services-near-me/beginners-photography-course,Beginners Photography Course | 3 Weekly Evening Classes,150,InStock,2026-03-16T19:00:00+00:00,2026-03-16T21:00:00+00:00,19:00:00,21:00:00,Coventry,auto,,,,,,,
https://www.alanranger.com/beginners-photography-lessons/camera-courses-for-beginners-coventry-hnp3g,course,https://www.alanranger.com/photography-services-near-me/beginners-photography-course,Beginners Photography Course | 3 Weekly Evening Classes,150,InStock,2025-11-19T19:00:00+00:00,2025-11-19T21:00:00+00:00,19:00:00,21:00:00,Coventry,auto,,,,,,,
https://www.alanranger.com/beginners-photography-lessons/camera-courses-for-beginners-coventry-mw83l,course,https://www.alanranger.com/photography-services-near-me/beginners-photography-course,Beginners Photography Course | 3 Weekly Evening Classes,150,InStock,2025-11-26T19:00:00+00:00,2025-11-26T21:00:00+00:00,19:00:00,21:00:00,Coventry,auto,,,,,,,
https://www.alanranger.com/beginners-photography-lessons/camera-courses-for-beginners-coventry-nhjlm,course,https://www.alanranger.com/photography-services-near-me/beginners-photography-course,Beginners Photography Course | 3 Weekly Evening Classes,150,InStock,2025-12-16T19:00:00+00:00,2025-12-16T21:00:00+00:00,19:00:00,21:00:00,Coventry,auto,,,,,,,
https://www.alanranger.com/beginners-photography-lessons/camera-courses-for-beginners-coventry-nzwzx,course,https://www.alanranger.com/photography-services-near-me/beginners-photography-course,Beginners Photography Course | 3 Weekly Evening Classes,150,InStock,2025-09-25T18:00:00+00:00,2025-09-25T20:00:00+00:00,18:00:00,20:00:00,Coventry,auto,,,,,,,
https://www.alanranger.com/beginners-photography-lessons/camera-courses-for-beginners-coventry-oct1,course,https://www.alanranger.com/photography-services-near-me/beginners-photography-course,Beginners Photography Course | 3 Weekly Evening Classes,150,InStock,2025-10-02T18:00:00+00:00,2025-10-02T20:00:00+00:00,18:00:00,20:00:00,Coventry,auto,,,,,,,
https://www.alanranger.com/beginners-photography-lessons/camera-courses-for-beginners-coventry-oct2,course,https://www.alanranger.com/photography-services-near-me/beginners-photography-course,Beginners Photography Course | 3 Weekly Evening Classes,150,InStock,2025-10-09T18:00:00+00:00,2025-10-09T20:00:00+00:00,18:00:00,20:00:00,Coventry,auto,,,,,,,
https://www.alanranger.com/beginners-photography-lessons/camera-courses-for-beginners-coventry-oct3,course,https://www.alanranger.com/photography-services-near-me/beginners-photography-course,Beginners Photography Course | 3 Weekly Evening Classes,150,InStock,2025-10-16T18:00:00+00:00,2025-10-16T20:00:00+00:00,18:00:00,20:00:00,Coventry,auto,,,,,,,
https://www.alanranger.com/beginners-photography-lessons/camera-courses-for-beginners-coventry-s2klg,course,https://www.alanranger.com/photography-services-near-me/beginners-photography-course,Beginners Photography Course | 3 Weekly Evening Classes,150,InStock,2026-03-23T19:00:00+00:00,2026-03-23T21:00:00+00:00,19:00:00,21:00:00,Coventry,auto,,,,,,,
https://www.alanranger.com/beginners-photography-lessons/camera-courses-for-beginners-coventry-w5nkt,course,https://www.alanranger.com/photography-services-near-me/beginners-photography-course,Beginners Photography Course | 3 Weekly Evening Classes,150,InStock,2025-09-11T18:00:00+00:00,2025-09-11T20:00:00+00:00,18:00:00,20:00:00,Coventry,auto,,,,,,,
https://www.alanranger.com/beginners-photography-lessons/camera-courses-for-beginners-coventry-wc34j,course,https://www.alanranger.com/photography-services-near-me/beginners-photography-course,Beginners Photography Course | 3 Weekly Evening Classes,150,InStock,2025-11-10T19:00:00+00:00,2025-11-10T21:00:00+00:00,19:00:00,21:00:00,Coventry,auto,,,,,,,
https://www.alanranger.com/beginners-photography-lessons/camera-courses-for-beginners-coventry-wk1,course,https://www.alanranger.com/photography-services-near-me/beginners-photography-course,Beginners Photography Course | 3 Weekly Evening Classes,150,InStock,2026-01-06T19:00:00+00:00,2026-01-06T21:00:00+00:00,19:00:00,21:00:00,Coventry,auto,,,,,,,
https://www.alanranger.com/beginners-photography-lessons/camera-courses-for-beginners-coventry-zbcfe,course,https://www.alanranger.com/photography-services-near-me/beginners-photography-course,Beginners Photography Course | 3 Weekly Evening Classes,150,InStock,2025-10-06T18:00:00+00:00,2025-10-06T20:00:00+00:00,18:00:00,20:00:00,Coventry,auto,,,,,,,
https://www.alanranger.com/beginners-photography-lessons/camera-courses-for-beginners-week-1,course,https://www.alanranger.com/photography-services-near-me/beginners-photography-course,Beginners Photography Course | 3 Weekly Evening Classes,150,InStock,2026-02-04T19:00:00+00:00,2026-02-04T21:00:00+00:00,19:00:00,21:00:00,Alan Ranger Photography,auto,,,,,,,
https://www.alanranger.com/beginners-photography-lessons/camera-courses-for-beginners-week-3,course,https://www.alanranger.com/photography-services-near-me/beginners-photography-course,Beginners Photography Course | 3 Weekly Evening Classes,150,InStock,2026-02-18T19:00:00+00:00,2026-02-18T21:00:00+00:00,19:00:00,21:00:00,Alan Ranger Photography,auto,,,,,,,
https://www.alanranger.com/beginners-photography-lessons/camera-courses-for-beginners-wk2,course,https://www.alanranger.com/photography-services-near-me/beginners-photography-course,Beginners Photography Course | 3 Weekly Evening Classes,150,InStock,2026-02-11T19:00:00+00:00,2026-02-11T21:00:00+00:00,19:00:00,21:00:00,Alan Ranger Photography,auto,,,,,,,
https://www.alanranger.com/beginners-photography-lessons/lightroom-photo-editing-classes-wk1,course,https://www.alanranger.com/photography-services-near-me/lightroom-courses-for-beginners-coventry,Lightroom Courses for Beginners Photo Editing - Coventry,150,InStock,2025-11-04T19:00:00+00:00,2025-11-04T21:00:00+00:00,19:00:00,21:00:00,Coventry,auto,,,,,,,
https://www.alanranger.com/beginners-photography-lessons/lightroom-photo-editing-classes-wk1-kdh5k,course,https://www.alanranger.com/photography-services-near-me/lightroom-courses-for-beginners-coventry,Lightroom Courses for Beginners Photo Editing - Coventry,150,InStock,2026-01-07T19:00:00+00:00,2026-01-07T21:00:00+00:00,19:00:00,21:00:00,Coventry,auto,,,,,,,
https://www.alanranger.com/beginners-photography-lessons/lightroom-photo-editing-classes-wk1-rrkhn,course,https://www.alanranger.com/photography-services-near-me/lightroom-courses-for-beginners-coventry,Lightroom Courses for Beginners Photo Editing - Coventry,150,InStock,2025-09-03T18:00:00+00:00,2025-09-03T20:00:00+00:00,18:00:00,20:00:00,Coventry,auto,,,,,,,
https://www.alanranger.com/beginners-photography-lessons/lightroom-photo-editing-classes-wk1-xx94r,course,https://www.alanranger.com/photography-services-near-me/lightroom-courses-for-beginners-coventry,Lightroom Courses for Beginners Photo Editing - Coventry,150,InStock,2025-05-21T18:00:00+00:00,2025-05-21T20:00:00+00:00,18:00:00,20:00:00,Coventry,auto,,,,,,,
https://www.alanranger.com/beginners-photography-lessons/lightroom-photo-editing-classes-wk2,course,https://www.alanranger.com/photography-services-near-me/lightroom-courses-for-beginners-coventry,Lightroom Courses for Beginners Photo Editing - Coventry,150,InStock,2025-11-11T19:00:00+00:00,2025-11-11T21:00:00+00:00,19:00:00,21:00:00,Coventry,auto,,,,,,,
https://www.alanranger.com/beginners-photography-lessons/lightroom-photo-editing-classes-wk2-55f3d,course,https://www.alanranger.com/photography-services-near-me/lightroom-courses-for-beginners-coventry,Lightroom Courses for Beginners Photo Editing - Coventry,150,InStock,2025-05-28T18:00:00+00:00,2025-05-28T20:00:00+00:00,18:00:00,20:00:00,Coventry,auto,,,,,,,
https://www.alanranger.com/beginners-photography-lessons/lightroom-photo-editing-classes-wk2-n8l4l,course,https://www.alanranger.com/photography-services-near-me/lightroom-courses-for-beginners-coventry,Lightroom Courses for Beginners Photo Editing - Coventry,150,InStock,2026-01-14T19:00:00+00:00,2026-01-14T21:00:00+00:00,19:00:00,21:00:00,Coventry,auto,,,,,,,
https://www.alanranger.com/beginners-photography-lessons/lightroom-photo-editing-classes-wk2-y3262,course,https://www.alanranger.com/photography-services-near-me/lightroom-courses-for-beginners-coventry,Lightroom Courses for Beginners Photo Editing - Coventry,150,InStock,2025-09-10T18:00:00+00:00,2025-09-10T20:00:00+00:00,18:00:00,20:00:00,Coventry,auto,,,,,,,
https://www.alanranger.com/beginners-photography-lessons/lightroom-photo-editing-classes-wk3,course,https://www.alanranger.com/photography-services-near-me/lightroom-courses-for-beginners-coventry,Lightroom Courses for Beginners Photo Editing - Coventry,150,InStock,2025-11-18T19:00:00+00:00,2025-11-18T21:00:00+00:00,19:00:00,21:00:00,Coventry,auto,,,,,,,
https://www.alanranger.com/beginners-photography-lessons/lightroom-photo-editing-classes-wk3-42ynf,course,https://www.alanranger.com/photography-services-near-me/lightroom-courses-for-beginners-coventry,Lightroom Courses for Beginners Photo Editing - Coventry,150,InStock,2025-06-04T18:00:00+00:00,2025-06-04T20:00:00+00:00,18:00:00,20:00:00,Coventry,auto,,,,,,,
https://www.alanranger.com/beginners-photography-lessons/lightroom-photo-editing-classes-wk3-7cd64,course,https://www.alanranger.com/photography-services-near-me/lightroom-courses-for-beginners-coventry,Lightroom Courses for Beginners Photo Editing - Coventry,150,InStock,2026-01-21T19:00:00+00:00,2026-01-21T21:00:00+00:00,19:00:00,21:00:00,Coventry,auto,,,,,,,
https://www.alanranger.com/beginners-photography-lessons/lightroom-photo-editing-classes-wk3-9b3t3,course,https://www.alanranger.com/photography-services-near-me/lightroom-courses-for-beginners-coventry,Lightroom Courses for Beginners Photo Editing - Coventry,150,InStock,2025-09-17T18:00:00+00:00,2025-09-17T20:00:00+00:00,18:00:00,20:00:00,Coventry,auto,,,,,,,
https://www.alanranger.com/beginners-photography-lessons/rps-courses-rps-distinctions-mentoring-1,course,https://www.alanranger.com/photography-services-near-me/rps-mentoring-photography-course,RPS Courses - Independent RPS Mentoring for RPS Distinctions,395,InStock,2025-09-29T18:00:00+00:00,2025-09-29T20:00:00+00:00,18:00:00,20:00:00,Online - Virtual Class - Zoom Meeting,auto,,,,,,,
https://www.alanranger.com/beginners-photography-lessons/rps-courses-rps-distinctions-mentoring-2,course,https://www.alanranger.com/photography-services-near-me/rps-mentoring-photography-course,RPS Courses - Independent RPS Mentoring for RPS Distinctions,395,InStock,2025-10-15T18:00:00+00:00,2025-10-15T20:00:00+00:00,18:00:00,20:00:00,Online - Virtual Class - Zoom Meeting,auto,,,,,,,
https://www.alanranger.com/beginners-photography-lessons/rps-courses-rps-distinctions-mentoring-3,course,https://www.alanranger.com/photography-services-near-me/rps-mentoring-photography-course,RPS Courses - Independent RPS Mentoring for RPS Distinctions,395,InStock,2025-12-01T19:00:00+00:00,2025-12-01T21:00:00+00:00,19:00:00,21:00:00,Online - Virtual Class - Zoom Meeting,auto,,,,,,,
https://www.alanranger.com/beginners-photography-lessons/rps-courses-rps-distinctions-mentoring-4,course,https://www.alanranger.com/photography-services-near-me/rps-mentoring-photography-course,RPS Courses - Independent RPS Mentoring for RPS Distinctions,395,InStock,2025-08-13T18:00:00+00:00,2025-08-13T20:00:00+00:00,18:00:00,20:00:00,Online - Virtual Class - Zoom Meeting,auto,,,,,,,
https://www.alanranger.com/beginners-photography-lessons/rps-courses-rps-distinctions-mentoring-5,course,https://www.alanranger.com/photography-services-near-me/rps-mentoring-photography-course,RPS Courses - Independent RPS Mentoring for RPS Distinctions,395,InStock,2025-09-09T18:00:00+00:00,2025-09-09T20:00:00+00:00,18:00:00,20:00:00,Online - Virtual Class - Zoom Meeting,auto,,,,,,,
https://www.alanranger.com/beginners-photography-lessons/rps-courses-rps-distinctions-mentoring-6,course,https://www.alanranger.com/photography-services-near-me/rps-mentoring-photography-course,RPS Courses - Independent RPS Mentoring for RPS Distinctions,395,InStock,2025-11-06T19:00:00+00:00,2025-11-06T21:00:00+00:00,19:00:00,21:00:00,Online - Virtual Class - Zoom Meeting,auto,,,,,,,
https://www.alanranger.com/photographic-workshops-near-me/abstract-and-macro-photography-workshop,workshop,https://www.alanranger.com/photo-workshops-uk/abstract-and-macro-photography-workshops,MACRO Photography Workshops Warwickshire - Feb and Mar,65,InStock,2025-11-08T10:00:00+00:00,2025-11-08T12:30:00+00:00,10:00:00,12:30:00,Alan Ranger Photography,auto,,,,,,,
https://www.alanranger.com/photographic-workshops-near-me/abstract-and-macro-photography-workshop-coventry,workshop,https://www.alanranger.com/photo-workshops-uk/abstract-and-macro-photography-workshops,MACRO Photography Workshops Warwickshire - Feb and Mar,65,InStock,2026-05-17T09:00:00+00:00,2026-05-17T11:30:00+00:00,09:00:00,11:30:00,Warwickshire,auto,,,,,,,
https://www.alanranger.com/photographic-workshops-near-me/anglesey-photography-workshop-wales,workshop,https://www.alanranger.com/photo-workshops-uk/landscape-photography-workshops-anglesey,ANGLESEY Landscape Photography Workshop -  May 2026,875,InStock,2026-05-08T14:00:00+00:00,2026-05-10T14:00:00+00:00,14:00:00,14:00:00,Wales - Anglesey,auto,,,,,,,
https://www.alanranger.com/photographic-workshops-near-me/batsford-arboretum-autumn-photography-1nov,workshop,https://www.alanranger.com/photo-workshops-uk/batsford-arboretum-photography-workshops,BATSFORD Arboretum Autumn Photography Workshops 24 - 31 Oct,125,InStock,2025-10-29T08:00:00+00:00,2025-10-29T15:30:00+00:00,08:00:00,15:30:00, Batsford Arboretum - Gloucestershire,auto,,,,,,,
https://www.alanranger.com/photographic-workshops-near-me/batsford-arboretum-autumn-photography-29oct,workshop,https://www.alanranger.com/photo-workshops-uk/batsford-arboretum-photography-workshops,BATSFORD Arboretum Autumn Photography Workshops 24 - 31 Oct,125,InStock,2025-10-24T07:00:00+00:00,2025-10-24T14:30:00+00:00,07:00:00,14:30:00, Batsford Arboretum - Gloucestershire,auto,,,,,,,
https://www.alanranger.com/photographic-workshops-near-me/batsford-arboretum-autumn-photography-2nov,workshop,https://www.alanranger.com/photo-workshops-uk/batsford-arboretum-photography-workshops,BATSFORD Arboretum Autumn Photography Workshops 24 - 31 Oct,125,InStock,2025-10-30T08:00:00+00:00,2025-10-30T15:30:00+00:00,08:00:00,15:30:00, Batsford Arboretum - Gloucestershire,auto,,,,,,,
https://www.alanranger.com/photographic-workshops-near-me/batsford-arboretum-autumn-photography-30oct,workshop,https://www.alanranger.com/photo-workshops-uk/batsford-arboretum-photography-workshops,BATSFORD Arboretum Autumn Photography Workshops 24 - 31 Oct,125,InStock,2025-10-25T07:00:00+00:00,2025-10-25T14:30:00+00:00,07:00:00,14:30:00, Batsford Arboretum - Gloucestershire,auto,,,,,,,
https://www.alanranger.com/photographic-workshops-near-me/batsford-arboretum-autumn-photography-31oct,workshop,https://www.alanranger.com/photo-workshops-uk/batsford-arboretum-photography-workshops,BATSFORD Arboretum Autumn Photography Workshops 24 - 31 Oct,125,InStock,2025-10-26T08:00:00+00:00,2025-10-26T15:30:00+00:00,08:00:00,15:30:00, Batsford Arboretum - Gloucestershire,auto,,,,,,,
https://www.alanranger.com/photographic-workshops-near-me/batsford-arboretum-autumn-photography-3nov,workshop,https://www.alanranger.com/photo-workshops-uk/batsford-arboretum-photography-workshops,BATSFORD Arboretum Autumn Photography Workshops 24 - 31 Oct,125,InStock,2025-10-31T08:00:00+00:00,2025-10-31T15:30:00+00:00,08:00:00,15:30:00, Batsford Arboretum - Gloucestershire,auto,,,,,,,
https://www.alanranger.com/photographic-workshops-near-me/bluebell-photography-photo-workshop-warwickshire-01,workshop,https://www.alanranger.com/photo-workshops-uk/photography-workshops-chesterton-windmill,Photography Workshops CHESTERTON WINDMILL - Warwickshire,65,InStock,2026-05-01T04:45:00+00:00,2026-05-01T14:00:00+00:00,04:45:00,14:00:00,Warwickshire,auto,,,,,,,
https://www.alanranger.com/photographic-workshops-near-me/bluebell-photography-photo-workshop-warwickshire-17,workshop,https://www.alanranger.com/photo-workshops-uk/photography-workshops-chesterton-windmill,Photography Workshops CHESTERTON WINDMILL - Warwickshire,65,InStock,2026-04-26T04:45:00+00:00,2026-04-26T08:45:00+00:00,04:45:00,08:45:00,Warwickshire,auto,,,,,,,
https://www.alanranger.com/photographic-workshops-near-me/bluebell-photography-photo-workshop-warwickshire-18,workshop,https://www.alanranger.com/photo-workshops-uk/photography-workshops-chesterton-windmill,Photography Workshops CHESTERTON WINDMILL - Warwickshire,65,InStock,2026-04-27T04:45:00+00:00,2026-04-27T14:00:00+00:00,04:45:00,14:00:00,Warwickshire,auto,,,,,,,
https://www.alanranger.com/photographic-workshops-near-me/bluebell-photography-photo-workshop-warwickshire-19,workshop,https://www.alanranger.com/photo-workshops-uk/photography-workshops-chesterton-windmill,Photography Workshops CHESTERTON WINDMILL - Warwickshire,65,InStock,2026-04-28T04:45:00+00:00,2026-04-28T14:00:00+00:00,04:45:00,14:00:00,Warwickshire,auto,,,,,,,
https://www.alanranger.com/photographic-workshops-near-me/bluebell-photography-photo-workshop-warwickshire-20,workshop,https://www.alanranger.com/photo-workshops-uk/photography-workshops-chesterton-windmill,Photography Workshops CHESTERTON WINDMILL - Warwickshire,65,InStock,2026-04-20T04:45:00+00:00,2026-04-20T08:45:00+00:00,04:45:00,08:45:00,Warwickshire,auto,,,,,,,
https://www.alanranger.com/photographic-workshops-near-me/bluebell-photography-photo-workshop-warwickshire-21,workshop,https://www.alanranger.com/photo-workshops-uk/photography-workshops-chesterton-windmill,Photography Workshops CHESTERTON WINDMILL - Warwickshire,65,InStock,2026-04-21T04:45:00+00:00,2026-04-21T14:00:00+00:00,04:45:00,14:00:00,Warwickshire,auto,,,,,,,
https://www.alanranger.com/photographic-workshops-near-me/bluebell-photography-photo-workshop-warwickshire-22,workshop,https://www.alanranger.com/photo-workshops-uk/photography-workshops-chesterton-windmill,Photography Workshops CHESTERTON WINDMILL - Warwickshire,65,InStock,2026-04-22T04:45:00+00:00,2026-04-22T14:00:00+00:00,04:45:00,14:00:00,Warwickshire,auto,,,,,,,
https://www.alanranger.com/photographic-workshops-near-me/bluebell-photography-photo-workshop-warwickshire-23,workshop,https://www.alanranger.com/photo-workshops-uk/photography-workshops-chesterton-windmill,Photography Workshops CHESTERTON WINDMILL - Warwickshire,65,InStock,2026-04-23T04:45:00+00:00,2026-04-23T14:00:00+00:00,04:45:00,14:00:00,Warwickshire,auto,,,,,,,
https://www.alanranger.com/photographic-workshops-near-me/bluebell-photography-photo-workshop-warwickshire-24,workshop,https://www.alanranger.com/photo-workshops-uk/photography-workshops-chesterton-windmill,Photography Workshops CHESTERTON WINDMILL - Warwickshire,65,InStock,2026-04-24T04:45:00+00:00,2026-04-24T14:00:00+00:00,04:45:00,14:00:00,Warwickshire,auto,,,,,,,
https://www.alanranger.com/photographic-workshops-near-me/bluebell-photography-photo-workshop-warwickshire-25,workshop,https://www.alanranger.com/photo-workshops-uk/photography-workshops-chesterton-windmill,Photography Workshops CHESTERTON WINDMILL - Warwickshire,65,InStock,2026-04-25T04:45:00+00:00,2026-04-25T14:00:00+00:00,04:45:00,14:00:00,Warwickshire,auto,,,,,,,
https://www.alanranger.com/photographic-workshops-near-me/bluebell-photography-photo-workshop-warwickshire-29,workshop,https://www.alanranger.com/photo-workshops-uk/photography-workshops-chesterton-windmill,Photography Workshops CHESTERTON WINDMILL - Warwickshire,65,InStock,2026-04-29T04:45:00+00:00,2026-04-29T14:00:00+00:00,04:45:00,14:00:00,Warwickshire,auto,,,,,,,
https://www.alanranger.com/photographic-workshops-near-me/bluebell-photography-photo-workshop-warwickshire-30,workshop,https://www.alanranger.com/photo-workshops-uk/photography-workshops-chesterton-windmill,Photography Workshops CHESTERTON WINDMILL - Warwickshire,65,InStock,2026-04-30T04:45:00+00:00,2026-04-30T14:00:00+00:00,04:45:00,14:00:00,Warwickshire,auto,,,,,,,
https://www.alanranger.com/photographic-workshops-near-me/dartmoor-photography-workshop-woodlands,workshop,https://www.alanranger.com/photo-workshops-uk/dartmoor-photography-landscape-workshop,DARTMOOR Photography Workshop - Landscapes - 10th - 12th Oct,875,InStock,2026-10-09T13:00:00+00:00,2026-10-11T14:00:00+00:00,13:00:00,14:00:00,Dartmoor,auto,,,,,,,
https://www.alanranger.com/photographic-workshops-near-me/dingle-kerry-ireland-photography-workshop,workshop,https://www.alanranger.com/photo-workshops-uk/ireland-photography-workshops-dingle,KERRY - Southern Ireland Photography Workshop - Mar 2026,1595,InStock,2026-03-05T10:30:00+00:00,2026-03-09T15:00:00+00:00,10:30:00,15:00:00,Ireland - Dingle,auto,,,,,,,
https://www.alanranger.com/photographic-workshops-near-me/dorset-photography-workshop,workshop,https://www.alanranger.com/photo-workshops-uk/dorset-landscape-photography-workshop,DORSET Landscape Photography Workshop Purbeck 16 - 18 Jan,925,InStock,2026-01-16T14:00:00+00:00,2026-01-18T14:00:00+00:00,14:00:00,14:00:00,Dorset,auto,,,,,,,
https://www.alanranger.com/photographic-workshops-near-me/exmoor-photography-workshops-seascapes-lynmouth,workshop,https://www.alanranger.com/photo-workshops-uk/landscape-photography-devon-hartland-quay,Landscape Photography DEVON Workshops - Various Dates,750,InStock,2026-05-23T09:00:00+00:00,2026-05-24T14:30:00+00:00,09:00:00,14:30:00,North Devon/Exmoor,auto,,,,,,,
https://www.alanranger.com/photographic-workshops-near-me/fairy-glen-betws-y-coed-photography,workshop,https://www.alanranger.com/photo-workshops-uk/landscape-photography-wales-photo-workshop,GOWER Landscape Photography Wales - 30 Jan - 1 Feb 2026,825,InStock,2026-03-07T10:00:00+00:00,2026-03-07T13:30:00+00:00,10:00:00,13:30:00,Wales - Snowdonia,auto,,,,,,,
https://www.alanranger.com/photographic-workshops-near-me/fairy-glen-photography-betws-y-coed,workshop,https://www.alanranger.com/photo-workshops-uk/landscape-photography-snowdonia-workshops,Landscape Photography SNOWDONIA - Sat 7th - Sun 8th Mar 2026,595,InStock,2026-05-08T09:00:00+00:00,2026-05-08T12:30:00+00:00,09:00:00,12:30:00,Snowdonia National Park,auto,,,,,,,
https://www.alanranger.com/photographic-workshops-near-me/fairy-glen-photography-wales,workshop,https://www.alanranger.com/photo-workshops-uk/landscape-photography-snowdonia-workshops,Landscape Photography SNOWDONIA - Sat 7th - Sun 8th Mar 2026,595,InStock,2025-10-04T09:00:00+00:00,2025-10-04T12:30:00+00:00,09:00:00,12:30:00,Snowdonia National Park,auto,,,,,,,
https://www.alanranger.com/photographic-workshops-near-me/garden-photography-workshop,workshop,https://www.alanranger.com/photo-workshops-uk/garden-photography-workshop,The Art of GARDEN PHOTOGRAPHY  - Coventry -  May and July,35,InStock,2026-07-12T14:00:00+00:00,2026-07-12T16:00:00+00:00,14:00:00,16:00:00,Coventry,auto,,,,,,,
https://www.alanranger.com/photographic-workshops-near-me/garden-photography-workshop-mxyms,workshop,https://www.alanranger.com/photo-workshops-uk/garden-photography-workshop,The Art of GARDEN PHOTOGRAPHY  - Coventry -  May and July,35,InStock,2026-05-17T14:00:00+00:00,2026-05-17T16:00:00+00:00,14:00:00,16:00:00,Coventry,auto,,,,,,,
https://www.alanranger.com/photographic-workshops-near-me/hartland-quay-devon-seascapes-ynfcl,workshop,https://www.alanranger.com/photo-workshops-uk/landscape-photography-devon-hartland-quay,Landscape Photography DEVON Workshops - Various Dates,750,InStock,2026-02-19T12:30:00+00:00,2026-02-22T12:30:00+00:00,12:30:00,12:30:00,Devon,auto,,,,,,,
https://www.alanranger.com/photographic-workshops-near-me/hartland-quay-photography-devon-seascapes,workshop,https://www.alanranger.com/photo-workshops-uk/landscape-photography-devon-hartland-quay,Landscape Photography DEVON Workshops - Various Dates,750,InStock,2025-09-26T11:30:00+00:00,2025-09-28T11:30:00+00:00,11:30:00,11:30:00,Devon,auto,,,,,,,
https://www.alanranger.com/photographic-workshops-near-me/lake-district-photography-workshop-autumn,workshop,https://www.alanranger.com/photo-workshops-uk/lake-district-photography-workshop,LAKE DISTRICT Photography Workshops - Jan - Mar - Sep - Nov,1050,InStock,2025-11-14T09:30:00+00:00,2025-11-16T14:30:00+00:00,09:30:00,14:30:00,Lake District,auto,,,,,,,
https://www.alanranger.com/photographic-workshops-near-me/lake-district-photography-workshop-late-summer,workshop,https://www.alanranger.com/photo-workshops-uk/lake-district-photography-workshop,LAKE DISTRICT Photography Workshops - Jan - Mar - Sep - Nov,1050,InStock,2026-09-18T08:30:00+00:00,2026-09-20T12:30:00+00:00,08:30:00,12:30:00,Lake District,auto,,,,,,,
https://www.alanranger.com/photographic-workshops-near-me/lake-district-photography-workshop-spring,workshop,https://www.alanranger.com/photo-workshops-uk/lake-district-photography-workshop,LAKE DISTRICT Photography Workshops - Jan - Mar - Sep - Nov,1050,InStock,2026-03-20T09:30:00+00:00,2026-03-22T13:30:00+00:00,09:30:00,13:30:00,Lake District,auto,,,,,,,
https://www.alanranger.com/photographic-workshops-near-me/lake-district-photography-workshop-winter,workshop,https://www.alanranger.com/photo-workshops-uk/lake-district-photography-workshop,LAKE DISTRICT Photography Workshops - Jan - Mar - Sep - Nov,1050,InStock,2026-01-23T09:30:00+00:00,2026-01-25T14:30:00+00:00,09:30:00,14:30:00,Lake District,auto,,,,,,,
https://www.alanranger.com/photographic-workshops-near-me/landscape-photography-snowdonia-workshop,workshop,https://www.alanranger.com/photo-workshops-uk/landscape-photography-snowdonia-workshops,Landscape Photography SNOWDONIA - Sat 7th - Sun 8th Mar 2026,595,InStock,2026-03-07T10:00:00+00:00,2026-03-08T16:00:00+00:00,10:00:00,16:00:00,Wales - Snowdonia,auto,,,,,,,
https://www.alanranger.com/photographic-workshops-near-me/landscape-photography-wales-gower-peninsular,workshop,https://www.alanranger.com/photo-workshops-uk/landscape-photography-wales-photo-workshop,GOWER Landscape Photography Wales - 30 Jan - 1 Feb 2026,825,InStock,2026-01-30T10:00:00+00:00,2026-02-01T14:00:00+00:00,10:00:00,14:00:00,wales - Gower Peninsular,auto,,,,,,,
https://www.alanranger.com/photographic-workshops-near-me/landscape-photography-workshops-yorkshire,workshop,https://www.alanranger.com/photo-workshops-uk/north-yorkshire-landscape-photography,NORTH YORKSHIRE Landscape Photography Workshop - May and Sep,1495,InStock,2026-03-26T14:00:00+00:00,2026-03-29T13:00:00+00:00,14:00:00,13:00:00,North Yorkshire Moors and Coast,auto,,,,,,,
https://www.alanranger.com/photographic-workshops-near-me/landscape-photography-workshops-yorkshire-coast,workshop,https://www.alanranger.com/photo-workshops-uk/north-yorkshire-landscape-photography,NORTH YORKSHIRE Landscape Photography Workshop - May and Sep,1495,InStock,2025-05-15T13:00:00+00:00,2025-05-18T13:00:00+00:00,13:00:00,13:00:00,North Yorkshire Moors and Coast,auto,,,,,,,
https://www.alanranger.com/photographic-workshops-near-me/lavender-photography-workshop-sunset,workshop,https://www.alanranger.com/photo-workshops-uk/long-exposure-photography-kenilworth,Long Exposure Photography Workshop KENILWORTH Sunset,65,InStock,2026-07-11T16:00:00+00:00,2026-07-11T19:00:00+00:00,16:00:00,19:00:00,Cotswolds,auto,,,,,,,
https://www.alanranger.com/photographic-workshops-near-me/lavender-photography-workshop-sunset-19,workshop,https://www.alanranger.com/photo-workshops-uk/long-exposure-photography-kenilworth,Long Exposure Photography Workshop KENILWORTH Sunset,65,InStock,2026-07-04T16:00:00+00:00,2026-07-04T19:00:00+00:00,16:00:00,19:00:00,Cotswolds,auto,,,,,,,
https://www.alanranger.com/photographic-workshops-near-me/long-exposure-photo-workshop-sunset-kenilworth,workshop,https://www.alanranger.com/photo-workshops-uk/long-exposure-photography-kenilworth,Long Exposure Photography Workshop KENILWORTH Sunset,65,InStock,2026-04-13T17:30:00+00:00,2026-04-13T19:30:00+00:00,17:30:00,19:30:00,Kenilworth,auto,,,,,,,
https://www.alanranger.com/photographic-workshops-near-me/long-exposure-photography-burnham-on-sea,workshop,https://www.alanranger.com/photo-workshops-uk/long-exposure-photography-workshops-burnham,BURNHAM ON SEA Long Exposure Photography Workshop 23 Aug,95,InStock,2026-05-02T17:30:00+00:00,2026-05-02T20:00:00+00:00,17:30:00,20:00:00,Somerset,auto,,,,,,,
https://www.alanranger.com/photographic-workshops-near-me/long-exposure-photography-workshop-kenilworth1,workshop,https://www.alanranger.com/photo-workshops-uk/long-exposure-photography-kenilworth,Long Exposure Photography Workshop KENILWORTH Sunset,65,InStock,2025-09-23T16:30:00+00:00,2025-09-23T18:30:00+00:00,16:30:00,18:30:00,Kenilworth,auto,,,,,,,
https://www.alanranger.com/photographic-workshops-near-me/long-exposure-photography-workshop-kenilworth2,workshop,https://www.alanranger.com/photo-workshops-uk/long-exposure-photography-kenilworth,Long Exposure Photography Workshop KENILWORTH Sunset,65,InStock,2026-03-31T17:00:00+00:00,2026-03-31T19:00:00+00:00,17:00:00,19:00:00,Kenilworth,auto,,,,,,,
https://www.alanranger.com/photographic-workshops-near-me/long-exposure-photography-workshop-kenilworth4,workshop,https://www.alanranger.com/photo-workshops-uk/long-exposure-photography-kenilworth,Long Exposure Photography Workshop KENILWORTH Sunset,65,InStock,2025-08-28T17:15:00+00:00,2025-08-28T19:45:00+00:00,17:15:00,19:45:00,Kenilworth,auto,,,,,,,
https://www.alanranger.com/photographic-workshops-near-me/nant-mill-woodlands,workshop,https://www.alanranger.com/photo-workshops-uk/landscape-photography-wales-photo-workshop,GOWER Landscape Photography Wales - 30 Jan - 1 Feb 2026,825,InStock,2025-06-07T09:00:00+00:00,2025-06-07T13:00:00+00:00,09:00:00,13:00:00,Wales,auto,,,,,,,
https://www.alanranger.com/photographic-workshops-near-me/norfolk-photography-workshop,workshop,https://www.alanranger.com/photo-workshops-uk/landscape-photography-workshop-norfolk,Landscape Photography Workshop NORFOLK - Coastal 12 - 14 Sep,1025,InStock,2026-02-13T09:30:00+00:00,2026-02-15T14:00:00+00:00,09:30:00,14:00:00,Norfolk,auto,,,,,,,
https://www.alanranger.com/photographic-workshops-near-me/northumberland-landscape-photography-workshop,workshop,https://www.alanranger.com/photo-workshops-uk/coastal-northumberland-photography-workshops,NORTHUMBERLAND Photography Workshops - Feb 26 - Mar 1,995,InStock,2026-02-26T14:00:00+00:00,2026-03-01T14:00:00+00:00,14:00:00,14:00:00,Northumberland,auto,,,,,,,
https://www.alanranger.com/photographic-workshops-near-me/peak-district-photography-workshops-autumn,workshop,https://www.alanranger.com/photo-workshops-uk/peak-district-heather-photography-workshop,PEAK DISTRICT HEATHER Photography Workshops - 16-17 Aug,145,InStock,2025-11-01T09:30:00+00:00,2025-11-01T16:00:00+00:00,09:30:00,16:00:00,Peak District,auto,,,,,,,
https://www.alanranger.com/photographic-workshops-near-me/peak-district-photography-workshops-autumn-2,workshop,https://www.alanranger.com/photo-workshops-uk/peak-district-heather-photography-workshop,PEAK DISTRICT HEATHER Photography Workshops - 16-17 Aug,145,InStock,2025-11-02T09:30:00+00:00,2025-11-02T16:00:00+00:00,09:30:00,16:00:00,Peak District,auto,,,,,,,
https://www.alanranger.com/photographic-workshops-near-me/peak-district-photography-workshops-heathers-sunrise,workshop,https://www.alanranger.com/photo-workshops-uk/peak-district-heather-photography-workshop,PEAK DISTRICT HEATHER Photography Workshops - 16-17 Aug,145,InStock,2026-08-16T04:45:00+00:00,2026-08-16T07:45:00+00:00,04:45:00,07:45:00,Staffordshire - Upper Hulme,auto,,,,,,,
https://www.alanranger.com/photographic-workshops-near-me/peak-district-photography-workshops-heathers-sunset,workshop,https://www.alanranger.com/photo-workshops-uk/peak-district-heather-photography-workshop,PEAK DISTRICT HEATHER Photography Workshops - 16-17 Aug,145,InStock,2026-08-15T17:15:00+00:00,2026-08-15T20:15:00+00:00,17:15:00,20:15:00,Peak District,auto,,,,,,,
https://www.alanranger.com/photographic-workshops-near-me/peak-district-photography-workshops-spring,workshop,https://www.alanranger.com/photo-workshops-uk/peak-district-heather-photography-workshop,PEAK DISTRICT HEATHER Photography Workshops - 16-17 Aug,145,InStock,2026-05-16T08:30:00+00:00,2026-05-16T15:00:00+00:00,08:30:00,15:00:00,Peak District,auto,,,,,,,
https://www.alanranger.com/photographic-workshops-near-me/peak-district-photography-workshops-sunrise-heathers,workshop,https://www.alanranger.com/photo-workshops-uk/peak-district-heather-photography-workshop,PEAK DISTRICT HEATHER Photography Workshops - 16-17 Aug,145,InStock,2024-08-24T04:15:00+00:00,2024-08-24T08:30:00+00:00,04:15:00,08:30:00,Staffordshire - Upper Hulme,auto,,,,,,,
https://www.alanranger.com/photographic-workshops-near-me/peak-district-photography-workshops-winter,workshop,https://www.alanranger.com/photo-workshops-uk/peak-district-heather-photography-workshop,PEAK DISTRICT HEATHER Photography Workshops - 16-17 Aug,145,InStock,2025-10-18T08:30:00+00:00,2025-10-18T15:00:00+00:00,08:30:00,15:00:00,Peak District,auto,,,,,,,
https://www.alanranger.com/photographic-workshops-near-me/poppy-fields-photography-workshop-sunrise,workshop,https://www.alanranger.com/photo-workshops-uk/photography-workshops-lavender-fields,LAVENDER FIELD Photography Workshop - Gloucestershire July,150,InStock,2024-06-09T04:00:00+00:00,2024-06-09T06:30:00+00:00,04:00:00,06:30:00,Worcestershire,auto,,,,,,,
https://www.alanranger.com/photographic-workshops-near-me/poppy-fields-photography-workshop-sunset,workshop,https://www.alanranger.com/photo-workshops-uk/photography-workshops-lavender-fields,LAVENDER FIELD Photography Workshop - Gloucestershire July,150,InStock,2024-06-08T18:15:00+00:00,2024-06-08T20:45:00+00:00,18:15:00,20:45:00,Worcestershire,auto,,,,,,,
https://www.alanranger.com/photographic-workshops-near-me/secrets-of-woodland-photography-masterclass-autumn,workshop,https://www.alanranger.com/photo-workshops-uk/garden-photography-workshop,The Art of GARDEN PHOTOGRAPHY  - Coventry -  May and July,35,InStock,2025-10-19T09:00:00+00:00,2025-10-19T15:00:00+00:00,09:00:00,15:00:00,Coventry,auto,,,,,,,
https://www.alanranger.com/photographic-workshops-near-me/secrets-of-woodland-photography-masterclass-spring,workshop,https://www.alanranger.com/photo-workshops-uk/garden-photography-workshop,The Art of GARDEN PHOTOGRAPHY  - Coventry -  May and July,35,InStock,2026-04-19T09:00:00+00:00,2026-04-19T15:00:00+00:00,09:00:00,15:00:00,Coventry,auto,,,,,,,
https://www.alanranger.com/photographic-workshops-near-me/secrets-of-woodland-photography-masterclass-summer,workshop,https://www.alanranger.com/photo-workshops-uk/garden-photography-workshop,The Art of GARDEN PHOTOGRAPHY  - Coventry -  May and July,35,InStock,2025-08-31T08:00:00+00:00,2025-08-31T14:00:00+00:00,08:00:00,14:00:00,Coventry,auto,,,,,,,
https://www.alanranger.com/photographic-workshops-near-me/secrets-of-woodland-photography-masterclass-winter,workshop,https://www.alanranger.com/photo-workshops-uk/garden-photography-workshop,The Art of GARDEN PHOTOGRAPHY  - Coventry -  May and July,35,InStock,2026-01-11T10:00:00+00:00,2026-01-11T16:00:00+00:00,10:00:00,16:00:00,Coventry,auto,,,,,,,
https://www.alanranger.com/photographic-workshops-near-me/sezincote-garden-photography-workshop,workshop,https://www.alanranger.com/photo-workshops-uk/photography-workshops-lavender-fields,LAVENDER FIELD Photography Workshop - Gloucestershire July,150,InStock,2026-05-29T10:00:00+00:00,2026-05-29T12:30:00+00:00,10:00:00,12:30:00,Gloucestershire,auto,,,,,,,
https://www.alanranger.com/photographic-workshops-near-me/somerset-photography-workshop,workshop,https://www.alanranger.com/photo-workshops-uk/somerset-landscape-photography-workshops,SOMERSET Landscape Photography Workshops 9 - 11 May 2025,895,InStock,2025-05-09T13:00:00+00:00,2025-05-11T13:00:00+00:00,13:00:00,13:00:00,Somerset,auto,,,,,,,
https://www.alanranger.com/photographic-workshops-near-me/suffolk-landscape-photography-workshop,workshop,https://www.alanranger.com/photo-workshops-uk/suffolk-landscape-photography-workshops,SUFFOLK Landscape Photography Workshops - 21st - 23rd Nov,995,InStock,2025-11-21T09:30:00+00:00,2025-11-23T14:30:00+00:00,09:30:00,14:30:00,Suffolk,auto,,,,,,,
https://www.alanranger.com/photographic-workshops-near-me/sunset-chesterton-windmill-photography-workshop,workshop,https://www.alanranger.com/photo-workshops-uk/photography-workshops-chesterton-windmill,Photography Workshops CHESTERTON WINDMILL - Warwickshire,65,InStock,2026-05-18T17:30:00+00:00,2026-05-18T20:00:00+00:00,17:30:00,20:00:00,Warwickshire,auto,,,,,,,
https://www.alanranger.com/photographic-workshops-near-me/sunset-chesterton-windmill-spring,workshop,https://www.alanranger.com/photo-workshops-uk/photography-workshops-chesterton-windmill,Photography Workshops CHESTERTON WINDMILL - Warwickshire,65,InStock,2026-03-30T16:30:00+00:00,2026-03-30T18:30:00+00:00,16:30:00,18:30:00,Warwickshire,auto,,,,,,,
https://www.alanranger.com/photographic-workshops-near-me/sunset-chesterton-windmill-spring-7gw7j,workshop,https://www.alanranger.com/photo-workshops-uk/photography-workshops-chesterton-windmill,Photography Workshops CHESTERTON WINDMILL - Warwickshire,65,InStock,2025-09-16T17:00:00+00:00,2025-09-16T19:30:00+00:00,17:00:00,19:30:00,Warwickshire,auto,,,,,,,
https://www.alanranger.com/photographic-workshops-near-me/sunset-chesterton-windmill-spring-7gw7j-9akd5,workshop,https://www.alanranger.com/photo-workshops-uk/photography-workshops-chesterton-windmill,Photography Workshops CHESTERTON WINDMILL - Warwickshire,65,InStock,2025-10-01T16:30:00+00:00,2025-10-01T19:00:00+00:00,16:30:00,19:00:00,Warwickshire,auto,,,,,,,
https://www.alanranger.com/photographic-workshops-near-me/urban-architecture-photography-workshop-coventry,workshop,https://www.alanranger.com/photo-workshops-uk/urban-architecture-photography-workshops-coventry,URBAN ARCHITECTURE Photography Workshops - Coventry 24 Sep,65,InStock,2025-09-24T17:00:00+00:00,2025-09-24T19:00:00+00:00,17:00:00,19:00:00,Coventry,auto,,,,,,,
https://www.alanranger.com/photographic-workshops-near-me/wales-photography-workshop-vyrnwy-pistyll-rhaeadr,workshop,https://www.alanranger.com/photo-workshops-uk/wales-photography-workshop-pistyll-rhaeadr,WALES Photography Workshop | Lake Vyrnwy 29 - 30 Nov,595,InStock,2025-11-29T09:30:00+00:00,2025-11-30T15:00:00+00:00,09:30:00,15:00:00,Wales - Dee Valley,auto,,,,,,,
https://www.alanranger.com/photographic-workshops-near-me/woodland-photography-walk-coventry-cv4,workshop,https://www.alanranger.com/photo-workshops-uk/garden-photography-workshop,The Art of GARDEN PHOTOGRAPHY  - Coventry -  May and July,35,InStock,2026-02-02T09:30:00+00:00,2026-02-02T11:30:00+00:00,09:30:00,11:30:00,Coventry,auto,,,,,,,
https://www.alanranger.com/photographic-workshops-near-me/woodland-photography-walk-coventry-piles-coppice,workshop,https://www.alanranger.com/photo-workshops-uk/garden-photography-workshop,The Art of GARDEN PHOTOGRAPHY  - Coventry -  May and July,35,InStock,2025-10-17T08:30:00+00:00,2025-10-17T10:30:00+00:00,08:30:00,10:30:00,Coventry,auto,,,,,,,
https://www.alanranger.com/photographic-workshops-near-me/woodland-photography-walk-coventry-tile-hill,workshop,https://www.alanranger.com/photo-workshops-uk/garden-photography-workshop,The Art of GARDEN PHOTOGRAPHY  - Coventry -  May and July,35,InStock,2025-12-08T09:30:00+00:00,2025-12-08T11:30:00+00:00,09:30:00,11:30:00,Coventry,auto,,,,,,,
https://www.alanranger.com/photographic-workshops-near-me/woodland-photography-walk-hay-woods,workshop,https://www.alanranger.com/photo-workshops-uk/woodland-photography-walk-warwickshire,WARWICKSHIRE Woodland PHOTOGRAPHY WALKS - Monthly - 2hrs,15,InStock,2026-01-02T09:30:00+00:00,2026-01-02T11:30:00+00:00,09:30:00,11:30:00,Solihull,auto,,,,,,,
https://www.alanranger.com/photographic-workshops-near-me/woodland-photography-walk-kenilworth-crackley-woods,workshop,https://www.alanranger.com/photo-workshops-uk/long-exposure-photography-kenilworth,Long Exposure Photography Workshop KENILWORTH Sunset,65,InStock,2025-11-07T09:30:00+00:00,2025-11-07T11:30:00+00:00,09:30:00,11:30:00,Kenilworth,auto,,,,,,,
https://www.alanranger.com/photographic-workshops-near-me/woodland-photography-walk-leamington-oakley-wood,workshop,https://www.alanranger.com/photo-workshops-uk/woodland-photography-walk-warwickshire,WARWICKSHIRE Woodland PHOTOGRAPHY WALKS - Monthly - 2hrs,15,InStock,2025-03-21T09:30:00+00:00,2025-03-21T11:30:00+00:00,09:30:00,11:30:00,Leamington Spa,auto,,,,,,,
https://www.alanranger.com/photographic-workshops-near-me/woodland-photography-walk-meriden-millisons-wood,workshop,https://www.alanranger.com/photo-workshops-uk/woodland-photography-walk-warwickshire,WARWICKSHIRE Woodland PHOTOGRAPHY WALKS - Monthly - 2hrs,15,InStock,2026-05-03T08:30:00+00:00,2026-05-03T10:30:00+00:00,08:30:00,10:30:00,Meriden,auto,,,,,,,
https://www.alanranger.com/photographic-workshops-near-me/woodland-photography-walk-solihull-hay-woods,workshop,https://www.alanranger.com/photo-workshops-uk/woodland-photography-walk-warwickshire,WARWICKSHIRE Woodland PHOTOGRAPHY WALKS - Monthly - 2hrs,15,InStock,2025-12-05T09:30:00+00:00,2025-12-05T11:30:00+00:00,09:30:00,11:30:00,Solihull,auto,,,,,,,
https://www.alanranger.com/photographic-workshops-near-me/yorkshire-dales-photography-workshop,workshop,https://www.alanranger.com/photo-workshops-uk/yorkshire-dales-photography-workshops,Landscape YORKSHIRE DALES Photography Workshop - 3 - 5 Oct,875,InStock,2026-04-10T09:00:00+00:00,2026-04-12T13:00:00+00:00,09:00:00,13:00:00,Yorkshire Dales,auto,,,,,,,