Title,Url Id,Full Url,Categories,Tags,Image,Publish On
"Dartmoor Photography Workshop | Woodlands, Moors and Tors","dartmoor-photography-workshop-woodlands",https://www.alanranger.com/photographic-workshops-near-me/dartmoor-photography-workshop-woodlands,"2-5-days","","https://images.squarespace-cdn.com/content/v1/5013f4b2c4aaa4752ac69b17/1696250238091-17YK0FSUYXO7SIFLMVPW/wistmans-wood+2.jpg","2023-10-02"
"Lake District Photography Workshop Late Summer in Cumbria","lake-district-photography-workshop-late-summer",https://www.alanranger.com/photographic-workshops-near-me/lake-district-photography-workshop-late-summer,"2-5-days","landscape","https://images.squarespace-cdn.com/content/v1/5013f4b2c4aaa4752ac69b17/1538928327366-YR9B778G2HGSWZ6N3B21/morning+calm-Photography-Workshops.jpg","2018-10-07"
"Peak District Photography Workshops - Heathers Sunrise","peak-district-photography-workshops-heathers-sunrise",https://www.alanranger.com/photographic-workshops-near-me/peak-district-photography-workshops-heathers-sunrise,"2.5hrs-4hrs","peak district","https://images.squarespace-cdn.com/content/v1/5013f4b2c4aaa4752ac69b17/1700303596327-DSMX2LGQ05VGSLNLKQIC/The+Roaches.jpg","2023-04-23"
"Peak District Photography Workshops - Heathers Sunset","peak-district-photography-workshops-heathers-sunset",https://www.alanranger.com/photographic-workshops-near-me/peak-district-photography-workshops-heathers-sunset,"2.5hrs-4hrs","peak district","https://images.squarespace-cdn.com/content/v1/5013f4b2c4aaa4752ac69b17/1682259056748-3WSS8Y2YXIWFFQDIYR4F/Surprise+View+7.jpg","2020-08-19"
"Garden Photography Workshop | Private Garden | Coventry","garden-photography-workshop",https://www.alanranger.com/photographic-workshops-near-me/garden-photography-workshop,"2.5hrs-4hrs","","https://images.squarespace-cdn.com/content/v1/5013f4b2c4aaa4752ac69b17/1630230262554-WWSOU1WKBUV46Y6A095X/_.jpg","2021-12-11"
"Lavender Photography Workshop Gloucestershire at Sunset","lavender-photography-workshop-sunset",https://www.alanranger.com/photographic-workshops-near-me/lavender-photography-workshop-sunset,"2.5hrs-4hrs","","https://images.squarespace-cdn.com/content/v1/5013f4b2c4aaa4752ac69b17/1700307138506-ZKLVZEG55N58GETAAWJT/Provence+en+Angleterre.jpg","2023-03-29"
"Lavender Photography Workshop Gloucestershire at Sunset 4","lavender-photography-workshop-sunset-19",https://www.alanranger.com/photographic-workshops-near-me/lavender-photography-workshop-sunset-19,"2.5hrs-4hrs","","https://images.squarespace-cdn.com/content/v1/5013f4b2c4aaa4752ac69b17/1700307138506-ZKLVZEG55N58GETAAWJT/Provence+en+Angleterre.jpg","2025-05-18"
"Sezincote Garden Photography - Mughal palace in Cotswolds","sezincote-garden-photography-workshop",https://www.alanranger.com/photographic-workshops-near-me/sezincote-garden-photography-workshop,"2.5hrs-4hrs","","https://images.squarespace-cdn.com/content/v1/5013f4b2c4aaa4752ac69b17/1715078225982-X01ZZ737OV5I7IFI0W5Q/sezincote+garden+photography.jpg","2024-04-06"
"Exmoor Photography Workshops - Seascapes | Lynmouth","exmoor-photography-workshops-seascapes-lynmouth",https://www.alanranger.com/photographic-workshops-near-me/exmoor-photography-workshops-seascapes-lynmouth,"2-5-days","","https://images.squarespace-cdn.com/content/v1/5013f4b2c4aaa4752ac69b17/1547714389865-FFD4IC72F5OYSMAFOVGT/timeless+memories-Alan-Ranger-Photography.jpg","2023-04-23"
"Sunset Photography Workshop - Chesterton Windmill 18-5","sunset-chesterton-windmill-photography-workshop",https://www.alanranger.com/photographic-workshops-near-me/sunset-chesterton-windmill-photography-workshop,"2.5hrs-4hrs","","https://images.squarespace-cdn.com/content/v1/5013f4b2c4aaa4752ac69b17/1546348269382-80B9O6W1H3BZNIMXZI7Q/chesterton-windmill-photography-workshops.jpg","2025-03-12"
"Garden Photography Workshops | Private Garden | Coventry","garden-photography-workshop-mxyms",https://www.alanranger.com/photographic-workshops-near-me/garden-photography-workshop-mxyms,"2.5hrs-4hrs","","https://images.squarespace-cdn.com/content/v1/5013f4b2c4aaa4752ac69b17/1630230262554-WWSOU1WKBUV46Y6A095X/_.jpg","2024-05-30"
"Abstract and Macro Photography Workshop Warwickshire - May","abstract-and-macro-photography-workshop-coventry",https://www.alanranger.com/photographic-workshops-near-me/abstract-and-macro-photography-workshop-coventry,"2.5hrs-4hrs","","https://images.squarespace-cdn.com/content/v1/5013f4b2c4aaa4752ac69b17/1734084297980-W42TDI502DA8I78VBBO5/Abstract%2Band%2BMacro%2BPhotography%2BWorkshops.jpg","2024-04-28"
"Peak District Photography Workshops Padley Gorge - 16-5","peak-district-photography-workshops-spring",https://www.alanranger.com/photographic-workshops-near-me/peak-district-photography-workshops-spring,"1-day;2.5hrs-4hrs","","https://images.squarespace-cdn.com/content/v1/5013f4b2c4aaa4752ac69b17/1714493375483-G5PG1FYXR8VXFG6VNF6J/peak+district+photography.jpg","2024-04-30"
"Menai and Anglesey Photography Workshop | Wales | May","anglesey-photography-workshop-wales",https://www.alanranger.com/photographic-workshops-near-me/anglesey-photography-workshop-wales,"2-5-days","wales","https://images.squarespace-cdn.com/content/v1/5013f4b2c4aaa4752ac69b17/1546342807877-4AF2AFH94TL5RIE914UZ/Llanddwyn+Island+II-Photography-Workshops.jpg","2024-11-20"
"Fairy Glen Betws-y-Coed Photography Workshop - Wales - May","fairy-glen-photography-betws-y-coed",https://www.alanranger.com/photographic-workshops-near-me/fairy-glen-photography-betws-y-coed,"2.5hrs-4hrs","wales","https://images.squarespace-cdn.com/content/v1/5013f4b2c4aaa4752ac69b17/1739453577809-DTGISJZ35FIE7U21YIOJ/Fairy+Glen+2.jpg","2025-02-13"
"Woodland Photography Walk | Meriden | Millisons Wood","woodland-photography-walk-meriden-millisons-wood",https://www.alanranger.com/photographic-workshops-near-me/woodland-photography-walk-meriden-millisons-wood,"2.5hrs-4hrs","","https://images.squarespace-cdn.com/content/v1/5013f4b2c4aaa4752ac69b17/1709978483227-AGNBKSFNJEJ0VP2ERGWQ/Down+Under.jpg","2024-12-02"
"Long Exposure Photography Workshop - Burnham on Sea Sunset","long-exposure-photography-burnham-on-sea",https://www.alanranger.com/photographic-workshops-near-me/long-exposure-photography-burnham-on-sea,"2.5hrs-4hrs",,"https://images.squarespace-cdn.com/content/v1/5013f4b2c4aaa4752ac69b17/1546345535824-FU1FQXB42JQ9VCKIOEWN/burnham+still-Photography-Workshops.jpg","2023-11-18"
"Bluebell Photography Workshop | Warwickshire | 01 May","bluebell-photography-photo-workshop-warwickshire-01",https://www.alanranger.com/photographic-workshops-near-me/bluebell-photography-photo-workshop-warwickshire-01,"1-day;2.5hrs-4hrs","","https://images.squarespace-cdn.com/content/v1/5013f4b2c4aaa4752ac69b17/1709978458896-3LYJ0YBU7A1VGPI2OD4B/Bluebell+Woodlands+-+Sunrise.jpg","2025-05-13"
"Bluebell Photography Workshop | Warwickshire | 30 Apr","bluebell-photography-photo-workshop-warwickshire-30",https://www.alanranger.com/photographic-workshops-near-me/bluebell-photography-photo-workshop-warwickshire-30,"1-day;2.5hrs-4hrs","","https://images.squarespace-cdn.com/content/v1/5013f4b2c4aaa4752ac69b17/1709978458896-3LYJ0YBU7A1VGPI2OD4B/Bluebell+Woodlands+-+Sunrise.jpg","2025-05-13"
"Bluebell Photography Workshop | Warwickshire | 29 Apr","bluebell-photography-photo-workshop-warwickshire-29",https://www.alanranger.com/photographic-workshops-near-me/bluebell-photography-photo-workshop-warwickshire-29,"1-day;2.5hrs-4hrs","","https://images.squarespace-cdn.com/content/v1/5013f4b2c4aaa4752ac69b17/1709978458896-3LYJ0YBU7A1VGPI2OD4B/Bluebell+Woodlands+-+Sunrise.jpg","2025-05-13"
"Bluebell Photography Workshop | Warwickshire | 28 Apr","bluebell-photography-photo-workshop-warwickshire-19",https://www.alanranger.com/photographic-workshops-near-me/bluebell-photography-photo-workshop-warwickshire-19,"1-day;2.5hrs-4hrs","","https://images.squarespace-cdn.com/content/v1/5013f4b2c4aaa4752ac69b17/1709978458896-3LYJ0YBU7A1VGPI2OD4B/Bluebell+Woodlands+-+Sunrise.jpg","2024-04-30"
"Bluebell Photography Workshop | Warwickshire | 27 Apr","bluebell-photography-photo-workshop-warwickshire-18",https://www.alanranger.com/photographic-workshops-near-me/bluebell-photography-photo-workshop-warwickshire-18,"1-day;2.5hrs-4hrs","","https://images.squarespace-cdn.com/content/v1/5013f4b2c4aaa4752ac69b17/1709978458896-3LYJ0YBU7A1VGPI2OD4B/Bluebell+Woodlands+-+Sunrise.jpg","2024-04-30"
"Bluebell Photography Workshop | Warwickshire | 26 Apr","bluebell-photography-photo-workshop-warwickshire-17",https://www.alanranger.com/photographic-workshops-near-me/bluebell-photography-photo-workshop-warwickshire-17,"1-day;2.5hrs-4hrs","","https://images.squarespace-cdn.com/content/v1/5013f4b2c4aaa4752ac69b17/1709978458896-3LYJ0YBU7A1VGPI2OD4B/Bluebell+Woodlands+-+Sunrise.jpg","2024-04-30"
"Bluebell Photography Workshop | Warwickshire | 25 Apr","bluebell-photography-photo-workshop-warwickshire-25",https://www.alanranger.com/photographic-workshops-near-me/bluebell-photography-photo-workshop-warwickshire-25,"1-day;2.5hrs-4hrs","","https://images.squarespace-cdn.com/content/v1/5013f4b2c4aaa4752ac69b17/1709978458896-3LYJ0YBU7A1VGPI2OD4B/Bluebell+Woodlands+-+Sunrise.jpg","2024-05-02"
"Bluebell Photography Workshop | Warwickshire | 24 Apr","bluebell-photography-photo-workshop-warwickshire-24",https://www.alanranger.com/photographic-workshops-near-me/bluebell-photography-photo-workshop-warwickshire-24,"1-day;2.5hrs-4hrs","","https://images.squarespace-cdn.com/content/v1/5013f4b2c4aaa4752ac69b17/1709978458896-3LYJ0YBU7A1VGPI2OD4B/Bluebell+Woodlands+-+Sunrise.jpg","2024-04-30"
"Bluebell Photography Workshop | Warwickshire | 23 Apr","bluebell-photography-photo-workshop-warwickshire-23",https://www.alanranger.com/photographic-workshops-near-me/bluebell-photography-photo-workshop-warwickshire-23,"1-day;2.5hrs-4hrs","","https://images.squarespace-cdn.com/content/v1/5013f4b2c4aaa4752ac69b17/1709978458896-3LYJ0YBU7A1VGPI2OD4B/Bluebell+Woodlands+-+Sunrise.jpg","2024-04-30"
"Bluebell Photography Workshop | Warwickshire | 22 Apr ","bluebell-photography-photo-workshop-warwickshire-22",https://www.alanranger.com/photographic-workshops-near-me/bluebell-photography-photo-workshop-warwickshire-22,"1-day;2.5hrs-4hrs","","https://images.squarespace-cdn.com/content/v1/5013f4b2c4aaa4752ac69b17/1709978458896-3LYJ0YBU7A1VGPI2OD4B/Bluebell+Woodlands+-+Sunrise.jpg","2024-04-30"
"Bluebell Photography Workshop | Warwickshire | 21 Apr","bluebell-photography-photo-workshop-warwickshire-21",https://www.alanranger.com/photographic-workshops-near-me/bluebell-photography-photo-workshop-warwickshire-21,"1-day;2.5hrs-4hrs","","https://images.squarespace-cdn.com/content/v1/5013f4b2c4aaa4752ac69b17/1709978458896-3LYJ0YBU7A1VGPI2OD4B/Bluebell+Woodlands+-+Sunrise.jpg","2024-04-30"
"Bluebell Photography Workshop | Warwickshire | 20 Apr","bluebell-photography-photo-workshop-warwickshire-20",https://www.alanranger.com/photographic-workshops-near-me/bluebell-photography-photo-workshop-warwickshire-20,"1-day;2.5hrs-4hrs","","https://images.squarespace-cdn.com/content/v1/5013f4b2c4aaa4752ac69b17/1709978458896-3LYJ0YBU7A1VGPI2OD4B/Bluebell+Woodlands+-+Sunrise.jpg","2024-04-30"
"The Secrets of Woodland Photography - 1-Day Masterclass Apr","secrets-of-woodland-photography-masterclass-spring",https://www.alanranger.com/photographic-workshops-near-me/secrets-of-woodland-photography-masterclass-spring,"1-day",,"https://images.squarespace-cdn.com/content/v1/5013f4b2c4aaa4752ac69b17/1687442036373-6Q6GKKLKEX4UZ00OFCMU/Plant%2BHill%2BWoods%2B%252311%2B-%2BJan%2B2022.jpg","2024-04-30"
"Long Exposure Photo Workshop - Sunset - Kenilworth - Apr","long-exposure-photo-workshop-sunset-kenilworth",https://www.alanranger.com/photographic-workshops-near-me/long-exposure-photo-workshop-sunset-kenilworth,"2.5hrs-4hrs",,"https://images.squarespace-cdn.com/content/v1/5013f4b2c4aaa4752ac69b17/1741367268682-VQY1Z5HZAGVFN4V74YPD/Moon.jpg","2025-03-07"
"Yorkshire Dales Photography Workshop - Landscape Photography","yorkshire-dales-photography-workshop",https://www.alanranger.com/photographic-workshops-near-me/yorkshire-dales-photography-workshop,"2-5-days","","https://images.squarespace-cdn.com/content/v1/5013f4b2c4aaa4752ac69b17/1700307464816-8M6DYZWM365TXZAVTZ25/Windskill+%2305+-+Nov+2023.jpg","2022-01-25"
"Long Exposure Photography Workshop - Kenilworth 31-3","long-exposure-photography-workshop-kenilworth2",https://www.alanranger.com/photographic-workshops-near-me/long-exposure-photography-workshop-kenilworth2,"2.5hrs-4hrs",,"https://images.squarespace-cdn.com/content/v1/5013f4b2c4aaa4752ac69b17/1675345926122-FG9G39T5F3OOT1CNEZMP/kenilworth+defenses.jpg","2023-05-19"
"Sunset Photographic Workshop - Chesterton Windmill 30-3","sunset-chesterton-windmill-spring",https://www.alanranger.com/photographic-workshops-near-me/sunset-chesterton-windmill-spring,"2.5hrs-4hrs",,"https://images.squarespace-cdn.com/content/v1/5013f4b2c4aaa4752ac69b17/1546348903737-ZZOPNMPKQI3BIO8NTQJA/chesterton-windmill-photography-workshops.jpg","2023-01-11"
"Landscape Photography Workshops Yorkshire | Coast and Moors","landscape-photography-workshops-yorkshire",https://www.alanranger.com/photographic-workshops-near-me/landscape-photography-workshops-yorkshire,"2-5-days","","https://images.squarespace-cdn.com/content/v1/5013f4b2c4aaa4752ac69b17/1707212564861-65XIJN9NGEKXOO8C2J73/North+Yorkshire+Photography+Workshop.jpg","2024-03-01"
"Lake District Photography Workshop | Spring in Cumbria","lake-district-photography-workshop-spring",https://www.alanranger.com/photographic-workshops-near-me/lake-district-photography-workshop-spring,"2-5-days","","https://images.squarespace-cdn.com/content/v1/5013f4b2c4aaa4752ac69b17/1538928085823-H07VOW50MWIZ6EKCTFH1/blea+mirror-Alan-Ranger-Photography-Workshops.jpg","2023-02-07"
"Landscape Photography Snowdonia Photography Workshop","landscape-photography-snowdonia-workshop",https://www.alanranger.com/photographic-workshops-near-me/landscape-photography-snowdonia-workshop,"2-5-days","wales","https://images.squarespace-cdn.com/content/v1/5013f4b2c4aaa4752ac69b17/1696850796928-3GQA4UMZ6SHN0O83WJWJ/Snowdonia+Landscape+Photography+Workshop.jpg","2020-08-19"
"Fairy Glen Betws-y-Coed Photography Workshop -  Wales","fairy-glen-betws-y-coed-photography",https://www.alanranger.com/photographic-workshops-near-me/fairy-glen-betws-y-coed-photography,"2.5hrs-4hrs","wales","https://images.squarespace-cdn.com/content/v1/5013f4b2c4aaa4752ac69b17/1707215037398-4NEW80LYQQ2XQX73MZYH/Fairy+Glen+Betws-y-Coed+Photography+Workshop.jpg","2023-05-20"
"Ireland Photography Workshop | Landscapes Southern Ireland","dingle-kerry-ireland-photography-workshop",https://www.alanranger.com/photographic-workshops-near-me/dingle-kerry-ireland-photography-workshop,"2-5-days","","https://images.squarespace-cdn.com/content/v1/5013f4b2c4aaa4752ac69b17/1677346509314-C2AKCUSTJ30QVKO7L8YD/Coumeenoole+Strand+2.jpg","2024-01-21"
"Northumberland Landscape Photography Workshop | 4 Days | Feb","northumberland-landscape-photography-workshop",https://www.alanranger.com/photographic-workshops-near-me/northumberland-landscape-photography-workshop,"2-5-days","landscape","https://images.squarespace-cdn.com/content/v1/5013f4b2c4aaa4752ac69b17/1707213523267-M43SC9SL8KNU8S7Z6MJ7/Northumberland+Landscape+Photography+Workshop+%282%29.jpg","2023-12-21"
"Hartland Quay, Devon Seascape Photography Workshop","hartland-quay-devon-seascapes-ynfcl",https://www.alanranger.com/photographic-workshops-near-me/hartland-quay-devon-seascapes-ynfcl,"2-5-days","","https://images.squarespace-cdn.com/content/v1/5013f4b2c4aaa4752ac69b17/1674565120064-MZONL9LFH2Z0RH81Z9CT/Atlantic+Force.jpg","2023-03-21"
"Norfolk Photography Workshop | Cromer to Hunstanton","norfolk-photography-workshop",https://www.alanranger.com/photographic-workshops-near-me/norfolk-photography-workshop,"2-5-days","","https://images.squarespace-cdn.com/content/v1/5013f4b2c4aaa4752ac69b17/1670327540020-BBW67S1689K55ALBBY4X/Thornham+-+1+Sep+2020.jpg","2018-10-08"
"Woodland Photography Walk - Coventry Tile Hill NR - Winter","woodland-photography-walk-coventry-cv4",https://www.alanranger.com/photographic-workshops-near-me/woodland-photography-walk-coventry-cv4,"2.5hrs-4hrs","","https://images.squarespace-cdn.com/content/v1/5013f4b2c4aaa4752ac69b17/1709978483227-AGNBKSFNJEJ0VP2ERGWQ/Down+Under.jpg","2025-04-07"
"Gower Peninsula Photo Workshop - Landscape Photography Wales","landscape-photography-wales-gower-peninsular",https://www.alanranger.com/photographic-workshops-near-me/landscape-photography-wales-gower-peninsular,"2-5-days","wales","https://images.squarespace-cdn.com/content/v1/5013f4b2c4aaa4752ac69b17/1715702651783-0ANOHJQAGONUXKLRV1TM/Gower+%2311+-+May+2024.jpg","2024-04-27"
"Lake District Photography Workshop | Winter in Cumbria","lake-district-photography-workshop-winter",https://www.alanranger.com/photographic-workshops-near-me/lake-district-photography-workshop-winter,"2-5-days","","https://images.squarespace-cdn.com/content/v1/5013f4b2c4aaa4752ac69b17/1691231609767-VEBH04YA7HAYTMU55D5D/Friars%2BCrag.jpg","2018-10-07"
" Dorset Photography Workshop | Jurassic Coast Photography","dorset-photography-workshop",https://www.alanranger.com/photographic-workshops-near-me/dorset-photography-workshop,"2-5-days","","https://images.squarespace-cdn.com/content/v1/5013f4b2c4aaa4752ac69b17/1546347241014-RTAHXH3JAKUBFBF94325/durdle+door-Photography-Workshops.jpg","2020-06-21"
"The Secrets of Woodland Photography - 1-Day Masterclass 11-1","secrets-of-woodland-photography-masterclass-winter",https://www.alanranger.com/photographic-workshops-near-me/secrets-of-woodland-photography-masterclass-winter,"1-day",,"https://images.squarespace-cdn.com/content/v1/5013f4b2c4aaa4752ac69b17/1687442036373-6Q6GKKLKEX4UZ00OFCMU/Plant%2BHill%2BWoods%2B%252311%2B-%2BJan%2B2022.jpg","2023-06-22"
"Woodland Photography Walk - Solihull - Hay Woods - Winter","woodland-photography-walk-hay-woods",https://www.alanranger.com/photographic-workshops-near-me/woodland-photography-walk-hay-woods,"2.5hrs-4hrs","","https://images.squarespace-cdn.com/content/v1/5013f4b2c4aaa4752ac69b17/1709978483227-AGNBKSFNJEJ0VP2ERGWQ/Down+Under.jpg","2025-04-07"
"Woodland Photography Walk - Coventry - Tile Hill Wood ","woodland-photography-walk-coventry-tile-hill",https://www.alanranger.com/photographic-workshops-near-me/woodland-photography-walk-coventry-tile-hill,"2.5hrs-4hrs","","https://images.squarespace-cdn.com/content/v1/5013f4b2c4aaa4752ac69b17/1709978483227-AGNBKSFNJEJ0VP2ERGWQ/Down+Under.jpg","2024-04-29"
"Woodland Photography Walk | Solihull | Hay Woods - Winter","woodland-photography-walk-solihull-hay-woods",https://www.alanranger.com/photographic-workshops-near-me/woodland-photography-walk-solihull-hay-woods,"2.5hrs-4hrs","","https://images.squarespace-cdn.com/content/v1/5013f4b2c4aaa4752ac69b17/1709978483227-AGNBKSFNJEJ0VP2ERGWQ/Down+Under.jpg","2024-04-29"
"Wales Photography Workshop Pistyll Rhaeadr and Lake Vyrnwy ","wales-photography-workshop-vyrnwy-pistyll-rhaeadr",https://www.alanranger.com/photographic-workshops-near-me/wales-photography-workshop-vyrnwy-pistyll-rhaeadr,"2-5-days","wales","https://images.squarespace-cdn.com/content/v1/5013f4b2c4aaa4752ac69b17/1538936266800-X7E25G1Y68K21JET6YMU/Lake+Vyrnwy+-Photography-Workshops.jpg","2020-08-20"
"Suffolk Landscape Photography Workshop - Long Exposure","suffolk-landscape-photography-workshop",https://www.alanranger.com/photographic-workshops-near-me/suffolk-landscape-photography-workshop,"2-5-days","","https://images.squarespace-cdn.com/content/v1/5013f4b2c4aaa4752ac69b17/1715078273140-XM8AQE8L1BX1V7RQSKKE/Southwold+Pier+%2301+-+Feb+2024.jpg","2022-07-23"
"Lake District Photography Workshops | Autumn in Cumbria","lake-district-photography-workshop-autumn",https://www.alanranger.com/photographic-workshops-near-me/lake-district-photography-workshop-autumn,"2-5-days","","https://images.squarespace-cdn.com/content/v1/5013f4b2c4aaa4752ac69b17/1695040431348-9BC1ENVF8Z9C0N6CR5UZ/blea+tarn-2.jpg","2018-10-07"
"Abstract and Macro Photography Workshop - Warwickshire","abstract-and-macro-photography-workshop",https://www.alanranger.com/photographic-workshops-near-me/abstract-and-macro-photography-workshop,"2.5hrs-4hrs","","https://images.squarespace-cdn.com/content/v1/5013f4b2c4aaa4752ac69b17/1734085795822-KGL13H1JB15QFAVBP4IU/Abstract+and+Macro+Photography+Workshops.jpg","2024-12-13"
"Woodland Photography Walk | Kenilworth | Crackley Woods","woodland-photography-walk-kenilworth-crackley-woods",https://www.alanranger.com/photographic-workshops-near-me/woodland-photography-walk-kenilworth-crackley-woods,"2.5hrs-4hrs","","https://images.squarespace-cdn.com/content/v1/5013f4b2c4aaa4752ac69b17/1709978483227-AGNBKSFNJEJ0VP2ERGWQ/Down+Under.jpg","2024-04-29"
"Peak District Photography Workshops Padley Gorge | 2-11","peak-district-photography-workshops-autumn-2",https://www.alanranger.com/photographic-workshops-near-me/peak-district-photography-workshops-autumn-2,"1-day","","https://images.squarespace-cdn.com/content/v1/5013f4b2c4aaa4752ac69b17/1699522410481-3RW7I6IHD1I8ZVWQDSZ0/photographing-autumn.jpg","2024-04-30"
"Peak District Photography Workshops Padley Gorge | 1-11","peak-district-photography-workshops-autumn",https://www.alanranger.com/photographic-workshops-near-me/peak-district-photography-workshops-autumn,"1-day","","https://images.squarespace-cdn.com/content/v1/5013f4b2c4aaa4752ac69b17/1699522410481-3RW7I6IHD1I8ZVWQDSZ0/photographing-autumn.jpg","2024-12-13"
"Batsford Arboretum Autumn Photography Workshop - 31/10","batsford-arboretum-autumn-photography-3nov",https://www.alanranger.com/photographic-workshops-near-me/batsford-arboretum-autumn-photography-3nov,"1-day;2.5hrs-4hrs","","https://images.squarespace-cdn.com/content/v1/5013f4b2c4aaa4752ac69b17/1675347700488-3E0I5HD2RWPTEA20AQ1D/Autumn+Leaves.jpg","2023-11-08"
"Batsford Arboretum Autumn Photography Workshop - 30/10","batsford-arboretum-autumn-photography-2nov",https://www.alanranger.com/photographic-workshops-near-me/batsford-arboretum-autumn-photography-2nov,"1-day;2.5hrs-4hrs","","https://images.squarespace-cdn.com/content/v1/5013f4b2c4aaa4752ac69b17/1675347700488-3E0I5HD2RWPTEA20AQ1D/Autumn+Leaves.jpg","2023-11-08"
"Batsford Arboretum Autumn Photography Workshop -29/10","batsford-arboretum-autumn-photography-1nov",https://www.alanranger.com/photographic-workshops-near-me/batsford-arboretum-autumn-photography-1nov,"1-day;2.5hrs-4hrs","","https://images.squarespace-cdn.com/content/v1/5013f4b2c4aaa4752ac69b17/1675347700488-3E0I5HD2RWPTEA20AQ1D/Autumn+Leaves.jpg","2024-11-05"
"Batsford Arboretum Autumn Photography Workshop - 26/10","batsford-arboretum-autumn-photography-31oct",https://www.alanranger.com/photographic-workshops-near-me/batsford-arboretum-autumn-photography-31oct,"1-day;2.5hrs-4hrs","","https://images.squarespace-cdn.com/content/v1/5013f4b2c4aaa4752ac69b17/1675347700488-3E0I5HD2RWPTEA20AQ1D/Autumn+Leaves.jpg","2023-11-08"
"Batsford Arboretum Autumn Photography Workshop - 25/10","batsford-arboretum-autumn-photography-30oct",https://www.alanranger.com/photographic-workshops-near-me/batsford-arboretum-autumn-photography-30oct,"1-day;2.5hrs-4hrs","","https://images.squarespace-cdn.com/content/v1/5013f4b2c4aaa4752ac69b17/1675347700488-3E0I5HD2RWPTEA20AQ1D/Autumn+Leaves.jpg","2023-11-08"
"Batsford Arboretum Autumn Photography Workshop - 24/10","batsford-arboretum-autumn-photography-29oct",https://www.alanranger.com/photographic-workshops-near-me/batsford-arboretum-autumn-photography-29oct,"1-day;2.5hrs-4hrs","","https://images.squarespace-cdn.com/content/v1/5013f4b2c4aaa4752ac69b17/1675347700488-3E0I5HD2RWPTEA20AQ1D/Autumn+Leaves.jpg","2024-11-05"
"The Secrets of Woodland Photography - 1-Day Masterclass Oct","secrets-of-woodland-photography-masterclass-autumn",https://www.alanranger.com/photographic-workshops-near-me/secrets-of-woodland-photography-masterclass-autumn,"1-day","","https://images.squarespace-cdn.com/content/v1/5013f4b2c4aaa4752ac69b17/1687442036373-6Q6GKKLKEX4UZ00OFCMU/Plant%2BHill%2BWoods%2B%252311%2B-%2BJan%2B2022.jpg","2024-04-30"
"Peak District Photography Workshops Padley Gorge | 10-18","peak-district-photography-workshops-winter",https://www.alanranger.com/photographic-workshops-near-me/peak-district-photography-workshops-winter,"1-day","","https://images.squarespace-cdn.com/content/v1/5013f4b2c4aaa4752ac69b17/1714559760976-6CZKC2X0XATXWIR0Q0X6/Peak+District+Photography+workshops.jpg","2024-05-01"
"Woodland Photography Walk | Coventry | Piles Coppice","woodland-photography-walk-coventry-piles-coppice",https://www.alanranger.com/photographic-workshops-near-me/woodland-photography-walk-coventry-piles-coppice,"2.5hrs-4hrs","","https://images.squarespace-cdn.com/content/v1/5013f4b2c4aaa4752ac69b17/1709978483227-AGNBKSFNJEJ0VP2ERGWQ/Down+Under.jpg","2024-04-29"
"Fairy Glen Betws-y-Coed Photography Workshops - Wales - Oct","fairy-glen-photography-wales",https://www.alanranger.com/photographic-workshops-near-me/fairy-glen-photography-wales,"2.5hrs-4hrs","wales","https://images.squarespace-cdn.com/content/v1/5013f4b2c4aaa4752ac69b17/1740502341422-AGUUE085W47A3L7137NG/Fairy+Glen+4.jpg","2025-02-25"
"Sunset Photographic Workshop - Chesterton Windmill 01-10","sunset-chesterton-windmill-spring-7gw7j-9akd5",https://www.alanranger.com/photographic-workshops-near-me/sunset-chesterton-windmill-spring-7gw7j-9akd5,"2.5hrs-4hrs","","https://images.squarespace-cdn.com/content/v1/5013f4b2c4aaa4752ac69b17/1546348903737-ZZOPNMPKQI3BIO8NTQJA/chesterton-windmill-photography-workshops.jpg","2025-03-26"
"Hartland Quay, Devon Seascape Photography Workshops","hartland-quay-photography-devon-seascapes",https://www.alanranger.com/photographic-workshops-near-me/hartland-quay-photography-devon-seascapes,"2-5-days","","https://images.squarespace-cdn.com/content/v1/5013f4b2c4aaa4752ac69b17/1674565120064-MZONL9LFH2Z0RH81Z9CT/Atlantic+Force.jpg","2024-12-13"
"Coventry Evening Urban Architecture Photography Workshop ","urban-architecture-photography-workshop-coventry",https://www.alanranger.com/photographic-workshops-near-me/urban-architecture-photography-workshop-coventry,"2.5hrs-4hrs","","https://images.squarespace-cdn.com/content/v1/5013f4b2c4aaa4752ac69b17/1546344708108-3P21C5HFHMEO7XP2F2LT/ST+MICHAEL+SUBDUING+THE+DEVIL+-Photography-Workshops.jpg","2023-01-11"
"Long Exposure Photography Workshop - Sunset | Kenilworth","long-exposure-photography-workshop-kenilworth1",https://www.alanranger.com/photographic-workshops-near-me/long-exposure-photography-workshop-kenilworth1,"2.5hrs-4hrs",,"https://images.squarespace-cdn.com/content/v1/5013f4b2c4aaa4752ac69b17/1677346062246-6DAXRO5SKD1LJ1TBFEL2/kenilworth+defenses.jpg","2023-02-25"
"Sunset Photographic Workshop - Chesterton Windmill 16-09","sunset-chesterton-windmill-spring-7gw7j",https://www.alanranger.com/photographic-workshops-near-me/sunset-chesterton-windmill-spring-7gw7j,"2.5hrs-4hrs","","https://images.squarespace-cdn.com/content/v1/5013f4b2c4aaa4752ac69b17/1546348903737-ZZOPNMPKQI3BIO8NTQJA/chesterton-windmill-photography-workshops.jpg","2025-03-26"
"The Secrets of Woodland Photography - 1-Day Masterclass Aug","secrets-of-woodland-photography-masterclass-summer",https://www.alanranger.com/photographic-workshops-near-me/secrets-of-woodland-photography-masterclass-summer,"1-day","","https://images.squarespace-cdn.com/content/v1/5013f4b2c4aaa4752ac69b17/1687442036373-6Q6GKKLKEX4UZ00OFCMU/Plant%2BHill%2BWoods%2B%252311%2B-%2BJan%2B2022.jpg","2024-04-30"
"Long Exposure Photography Workshop - Kenilworth 28/8","long-exposure-photography-workshop-kenilworth4",https://www.alanranger.com/photographic-workshops-near-me/long-exposure-photography-workshop-kenilworth4,"2.5hrs-4hrs",,"https://images.squarespace-cdn.com/content/v1/5013f4b2c4aaa4752ac69b17/1675345926122-FG9G39T5F3OOT1CNEZMP/kenilworth+defenses.jpg","2021-11-30"
"Northumberland Photography Workshops - Coast | 5 Days | Jun","northumberland-photography-workshops-coast",https://www.alanranger.com/photographic-workshops-near-me/northumberland-photography-workshops-coast,"2-5-days","landscape","https://images.squarespace-cdn.com/content/v1/5013f4b2c4aaa4752ac69b17/1707213560738-1XJCJAXO7WZZ5MGGMDPK/Northumberland+Landscape+Photography+Workshop+%282%29.jpg","2018-10-07"
"Nant Mill Photography Workshop - Woodlands and Waterfalls ","nant-mill-woodlands",https://www.alanranger.com/photographic-workshops-near-me/nant-mill-woodlands,"2.5hrs-4hrs","","https://images.squarespace-cdn.com/content/v1/5013f4b2c4aaa4752ac69b17/1603790147896-C4ALG2VYZK9T1U7BOQXZ/limbs.jpg","2024-08-08"
"Landscape Photography Snowdonia Photography Workshop (Copy)","landscape-photography-snowdonia-workshop-3n54s",https://www.alanranger.com/photographic-workshops-near-me/landscape-photography-snowdonia-workshop-3n54s,"2-5-days","wales","https://images.squarespace-cdn.com/content/v1/5013f4b2c4aaa4752ac69b17/1696850796928-3GQA4UMZ6SHN0O83WJWJ/Snowdonia+Landscape+Photography+Workshop.jpg","2025-03-26"
"Landscape Photography Workshops Yorkshire | Coastlines","landscape-photography-workshops-yorkshire-coast",https://www.alanranger.com/photographic-workshops-near-me/landscape-photography-workshops-yorkshire-coast,"2-5-days","","https://images.squarespace-cdn.com/content/v1/5013f4b2c4aaa4752ac69b17/1707212564861-65XIJN9NGEKXOO8C2J73/North+Yorkshire+Photography+Workshop.jpg","2023-03-20"
"Somerset Photography Workshops | Hills, Woodlands, Marshes","somerset-photography-workshop",https://www.alanranger.com/photographic-workshops-near-me/somerset-photography-workshop,"2-5-days","","https://images.squarespace-cdn.com/content/v1/5013f4b2c4aaa4752ac69b17/1597912700532-D49TYVNKD1LRCOL0M8IU/somerset-photography-workshop.jpg","2023-12-22"
"Woodland Photography Walk | Leamington Spa | Oakley Wood","woodland-photography-walk-leamington-oakley-wood",https://www.alanranger.com/photographic-workshops-near-me/woodland-photography-walk-leamington-oakley-wood,"2.5hrs-4hrs","","https://images.squarespace-cdn.com/content/v1/5013f4b2c4aaa4752ac69b17/1709978483227-AGNBKSFNJEJ0VP2ERGWQ/Down+Under.jpg","2024-04-29"
"Christmas Photography Workshop Walk | Warwickshire ","christmas-photography-walk-warwickshire",https://www.alanranger.com/photographic-workshops-near-me/christmas-photography-walk-warwickshire,"1-day","","https://images.squarespace-cdn.com/content/v1/5013f4b2c4aaa4752ac69b17/1538941098024-ZZ96CO69Q3GICXI05HRB/Tree+Shadows-Photography-Workshops.jpg","2023-12-22"
"Stratford Upon Avon Photographic Workshop | Night Shoot","stratford-upon-avon-photography-night-shoot",https://www.alanranger.com/photographic-workshops-near-me/stratford-upon-avon-photography-night-shoot,"2.5hrs-4hrs",,"https://images.squarespace-cdn.com/content/v1/5013f4b2c4aaa4752ac69b17/1707238277346-KVU9N6YDFZZQ4OWE16H6/stratford+upon+avon+long+exposure+photography+workshop.jpg","2023-03-29"
"Peak District Photography Workshops - Heathers Sunrise |","peak-district-photography-workshops-sunrise-heathers",https://www.alanranger.com/photographic-workshops-near-me/peak-district-photography-workshops-sunrise-heathers,"2.5hrs-4hrs","peak district","https://images.squarespace-cdn.com/content/v1/5013f4b2c4aaa4752ac69b17/1700303622633-FX3Z99NDIYVQSFXYLD5G/The+Roaches.jpg","2023-03-21"
"Poppy Fields Photography Workshop - Worcs | Sunrise 9/6","poppy-fields-photography-workshop-sunrise",https://www.alanranger.com/photographic-workshops-near-me/poppy-fields-photography-workshop-sunrise,"2.5hrs-4hrs","","https://images.squarespace-cdn.com/content/v1/5013f4b2c4aaa4752ac69b17/1539008898994-ESG75007CGBM7JYKMWIT/poppy+glow-Photography-Workshops.jpg","2023-11-18"
"Poppy Fields Photography Workshop - Worcs | Sunset 8/6","poppy-fields-photography-workshop-sunset",https://www.alanranger.com/photographic-workshops-near-me/poppy-fields-photography-workshop-sunset,"2.5hrs-4hrs","","https://images.squarespace-cdn.com/content/v1/5013f4b2c4aaa4752ac69b17/1539008898994-ESG75007CGBM7JYKMWIT/poppy+glow-Photography-Workshops.jpg","2024-05-01"
"Brandon Marsh Nature Reserve - Photography Workshop","brandon-marsh-nature-reserve",https://www.alanranger.com/photographic-workshops-near-me/brandon-marsh-nature-reserve,"2.5hrs-4hrs","","https://images.squarespace-cdn.com/content/v1/5013f4b2c4aaa4752ac69b17/1695039146097-FQHV3E87UGVR0LZUYR74/Sugar+Coated+Leaves.jpg","2018-10-07"
"Kenilworth Fireworks Photography Workshop | 6pm - 8pm","kenilworth-fireworks-photography-workshop",https://www.alanranger.com/photographic-workshops-near-me/kenilworth-fireworks-photography-workshop,"2.5hrs-4hrs","","https://images.squarespace-cdn.com/content/v1/5013f4b2c4aaa4752ac69b17/1546351313591-96XR10KTZMTL4Q5LCB5L/fireworks-photography-workshops.jpg","2024-05-03"
"Glencoe Photography Workshop | Scotland | Residential | ","glencoe-photography-workshop",https://www.alanranger.com/photographic-workshops-near-me/glencoe-photography-workshop,"2-5-days","","https://images.squarespace-cdn.com/content/v1/5013f4b2c4aaa4752ac69b17/1546347135685-RRW25TDCGFCACU6XV5Y2/glencoe-photography-workshop.jpg","2024-08-08"
"Shropshire Landscape Photography Workshop | Summer","shropshire-landscape-photography-workshop",https://www.alanranger.com/photographic-workshops-near-me/shropshire-landscape-photography-workshop,"1-day",,"https://images.squarespace-cdn.com/content/v1/5013f4b2c4aaa4752ac69b17/1707213185531-51A3V0XUTRTL6H330QF8/landscape+photography+workshops.jpg","2024-08-08"
"Cotswolds Landscape Photography Workshop - Gloucestershire","1-day-cotswolds-landscape-photography-workshop",https://www.alanranger.com/photographic-workshops-near-me/1-day-cotswolds-landscape-photography-workshop,"1-day","","https://images.squarespace-cdn.com/content/v1/5013f4b2c4aaa4752ac69b17/1673276231738-ZM3T9H8TX8U5H0T841B7/autumn+mist.jpg","2024-08-08"
"Abstract and Macro Photography Workshop - Leicestershire","macro-and-abstract-photography-workshops",https://www.alanranger.com/photographic-workshops-near-me/macro-and-abstract-photography-workshops,"2.5hrs-4hrs","","https://images.squarespace-cdn.com/content/v1/5013f4b2c4aaa4752ac69b17/1658832365803-OZNFUNXFVW14IDW9WD1C/Ancient+Oak+%2305+-+Jul+2022.jpg","2022-07-26"
"Christmas Sparkle Photography Workshop - Leamington","leamington-spa-night-shoot",https://www.alanranger.com/photographic-workshops-near-me/leamington-spa-night-shoot,"2.5hrs-4hrs","","https://images.squarespace-cdn.com/content/v1/5013f4b2c4aaa4752ac69b17/1546348699913-RVLXLD6P2L1H69GVOZ7E/night-photography-workshop.jpg","2018-10-07"
"Woodland Photo Walk - Clowes Wood","woodland-photo-walk-clowes-wood",https://www.alanranger.com/photographic-workshops-near-me/woodland-photo-walk-clowes-wood,"2.5hrs-4hrs","earlswood","https://images.squarespace-cdn.com/content/v1/5013f4b2c4aaa4752ac69b17/1707217176527-AKZ2EPCV3GEDQV1R0FCQ/Woodland+Photography+Walk.jpg","2018-12-09"
"Woodland Photo Walk Wappenbury","woodland-photo-walk-wappenbury-nature-reserve",https://www.alanranger.com/photographic-workshops-near-me/woodland-photo-walk-wappenbury-nature-reserve,"2.5hrs-4hrs","rugby","https://images.squarespace-cdn.com/content/v1/5013f4b2c4aaa4752ac69b17/1707217198424-2PO0AE0TEUJ1CCXV34RB/Woodland+Photography+Walk.jpg","2018-12-09"
"Woodland Photo Walk Ryton Wood SSSI","woodland-photo-walk-ryton-wood-sssi",https://www.alanranger.com/photographic-workshops-near-me/woodland-photo-walk-ryton-wood-sssi,"2.5hrs-4hrs","rugby","https://images.squarespace-cdn.com/content/v1/5013f4b2c4aaa4752ac69b17/1707217220864-4UPIDFNSEZH7766GWT7N/Woodland+Photography+Walk.jpg","2020-11-23"
"Woodland Photo Walk Old Nun - Princethorpe","woodland-photo-walk-ufton-fields-7ckej",https://www.alanranger.com/photographic-workshops-near-me/woodland-photo-walk-ufton-fields-7ckej,"2.5hrs-4hrs","rugby","https://images.squarespace-cdn.com/content/v1/5013f4b2c4aaa4752ac69b17/1707217244356-JV4TYWFNSUWBHX9Q8OIB/Woodland+Photography+Walk.jpg","2020-11-23"
"Woodland Photo Walk - Kenilworth Common","woodland-photowalk-hay-wood-solihull-ze27e",https://www.alanranger.com/photographic-workshops-near-me/woodland-photowalk-hay-wood-solihull-ze27e,"2.5hrs-4hrs","","https://images.squarespace-cdn.com/content/v1/5013f4b2c4aaa4752ac69b17/1707217266857-OEB94M2KK95DJNCKN9XN/Woodland+Photography+Walk.jpg","2020-11-23"
"Woodland Photo Walk Ufton Fields SSSI","woodland-photo-walk-ufton-fields",https://www.alanranger.com/photographic-workshops-near-me/woodland-photo-walk-ufton-fields,"2.5hrs-4hrs","harbury","https://images.squarespace-cdn.com/content/v1/5013f4b2c4aaa4752ac69b17/1707217289151-AZ9HRT8DUYUAXOT9NXSI/Woodland+Photography+Walk.jpg","2018-12-08"
"Woodland Photo Walk Elkin Wood","woodland-photo-walk-elkin-wood",https://www.alanranger.com/photographic-workshops-near-me/woodland-photo-walk-elkin-wood,"2.5hrs-4hrs","","https://images.squarespace-cdn.com/content/v1/5013f4b2c4aaa4752ac69b17/1707217310434-1ZJK4HY77Z6C6WSK9ZRA/Woodland+Photography+Walk.jpg","2019-07-29"
"Woodland Photo Walk Brandon Wood","woodland-photo-walk-brandon-reach",https://www.alanranger.com/photographic-workshops-near-me/woodland-photo-walk-brandon-reach,"2.5hrs-4hrs","","https://images.squarespace-cdn.com/content/v1/5013f4b2c4aaa4752ac69b17/1707217333771-B1DOUNEQN8YTXDFMYH6W/Woodland+Photography+Walk.jpg","2018-12-09"
"Brandon Reach","woodland-photowalk-4r4ky-29p6j-wgphm-ar2dp",https://www.alanranger.com/photographic-workshops-near-me/woodland-photowalk-4r4ky-29p6j-wgphm-ar2dp,"2.5hrs-4hrs","","https://images.squarespace-cdn.com/content/v1/5013f4b2c4aaa4752ac69b17/1544440066850-WKIFS7UYAU70C146DDKL/woodland+arch-Alan-Ranger-Photography+%282%29.jpg","2019-09-22"