question,intent,type
How much is a residential photographyworkshop and does it include B&B,advice,Events
What tripod do you recommend,advice,Articles
How do I get personalised feedback on my images,advice,Services
Is the online photography course really free,advice,Landing
What is long exposure and how can I find out more about it,advice,Articles
My pictures never seem sharp. Can you advise on what I am doing wrong,advice,Articles
Who is Alan Ranger and what is his photographic background?,advice,Landing
Where is Alan Ranger based?,advice,Landing
What types of photography services do you offer?,advice,Services
How can I contact you or book a discovery call?,advice,Landing
What is your cancellation or refund policy for courses/workshops?,advice,Landing
How do I subscribe to the free online photography course?,advice,Landing
Where is your gallery and can I submit my images for feedback?,advice,Landing
What ethical guidelines do you follow as a photography tutor?,advice,Landing
What topics are covered in the 5-week beginner course?,advice,Events
What if I miss one of the weekly classes can I make it up?,advice,Events
Do you offer online or Zoom lessons / mentoring?,advice,Services
How much do 1-2-1 private lessons cost?,advice,Services
Can I sign up to monthly mentoring assignments?,advice,Services
Are there any prerequisites for advanced courses?,advice,Services
Do you do property photography / real estate photography?,advice,Services
Can you do product photography for my e-commerce store?,advice,Services
What is your pricing structure for portrait / headshot work?,advice,Services
Do you train staff in corporate photography for businesses?,advice,Services
How far will you travel for a shoot (within UK / internationally)?,advice,Services
Do you provide retouching / editing services?,advice,Services
What is your turnaround time for delivering images?,advice,Services
Do you provide usage rights or licensing for your photos?,advice,Services
Can I commission you for a commercial photography project?,advice,Services
What payment options are available?,advice,Products
Do you offer payment plans or spreading the cost?,advice,Products
What happens if a course is canceled due to low enrolment or weather?,advice,Events
"What are the location details for your courses (venues, parking etc.)?",advice,Events
"If a workshop is outdoors, what happens in bad weather?",advice,Events
Can I change the date of my booking?,advice,Events
How early should I arrive before a class or workshop begins?,advice,Events
"Do you require a deposit, and when is full payment due?",advice,Products
How do I choose between shooting JPEG vs RAW?,advice,Articles
"What is the exposure triangle (aperture, shutter, ISO)?",advice,Articles
How do I improve my composition and storytelling in photos?,advice,Articles
When should I use ND filters or graduated filters?,advice,Events
"What is depth of field, and how do I control it?",advice,Articles
What is white balance and how do I use it?,advice,Articles
How do I focus manually vs autofocus?,advice,Articles
What is the difference between prime and zoom lenses?,advice,Articles
How do I use flash photography?,advice,Articles
What is HDR photography?,advice,Articles
How do I shoot in low light?,advice,Articles
What memory card should I buy?,advice,Articles
Do I need a camera bag?,advice,Services
What is the best lens for portraits?,advice,Articles
Should I buy a full-frame or crop sensor camera?,advice,Articles
What accessories do I need for landscape photography?,advice,Events
What is Lightroom vs Photoshop?,advice,Services
How do I edit RAW files?,advice,Articles
What is color grading?,advice,Articles
How do I remove unwanted objects from photos?,advice,Articles
What are presets and how do I use them?,advice,Articles
How much do you charge for headshots?,advice,Articles
Do you travel for photography sessions?,advice,Articles
What is your turnaround time?,advice,Articles
Do you offer group discounts?,advice,Articles
Can you teach my staff photography?,advice,Articles
What is included in the beginner course?,advice,Services
How long are your workshops?,advice,Events
Do you provide course materials?,advice,Events
Can I get a refund if I can't attend?,advice,Events
What happens if it rains during outdoor workshops?,advice,Events
How do I improve my photography skills?,advice,Articles
What makes a good photograph?,advice,Articles
How do I find my photography style?,advice,Articles
What are common photography mistakes?,advice,Articles
How do I build a photography portfolio?,advice,Articles
What landscape photography workshops do you run near me?,advice,Events
How do I book a one-day workshop?,advice,Events
Do you run workshops in the Lake District or Wales?,advice,Events
What's included in your photography workshops?,advice,Events
Are your workshops suitable for beginners?,advice,Events
How many people are in each workshop group?,advice,Events
Do I need my own camera and tripod?,advice,Events
What happens if it rains during a workshop?,advice,Events
Can I get a private workshop for my photography club?,advice,Services
Do you offer weekend or evening workshops?,advice,Events
How do I join the beginners' photography lessons in Coventry?,advice,Events
"What will I learn in the ""Get Off Auto"" course?",advice,Events
Are the beginners' classes suitable for DSLR and mirrorless users?,advice,Events
Can I attend online instead of in person?,advice,Services
How long does the beginners' course last?,advice,Services
What happens if I cancel after paying with a plan?,advice,Landing
What's included in your photography mentoring program?,advice,Services
How do monthly assignments work in mentoring?,advice,Services
Can I book one-to-one photography tuition near Coventry?,advice,Services
Is mentoring done via Zoom or in person?,advice,Services
Can I book an ongoing coaching package?,advice,Articles
What's the difference between mentoring and private tuition?,advice,Services
Do you give portfolio feedback or image critiques?,advice,Articles
Can I pause or resume mentoring later?,advice,Services
Where can I find your terms and conditions?,advice,Articles
Do you have a privacy policy about newsletter sign-ups?,advice,Landing
How do I subscribe to your newsletter?,advice,Articles
How do I contact Alan directly?,advice,Articles
Where are your photography sessions held?,advice,Articles
Do you offer corporate training or team photography days?,advice,Services
Can I see your awards and qualifications?,advice,Landing
Where can I read your photography blog and tips?,advice,Articles
What is exposure and how do I control it?,advice,Articles
How does aperture affect exposure and depth of field?,advice,Articles
What does shutter speed do in photography?,advice,Articles
How does ISO sensitivity influence image brightness?,advice,Articles
What are the relationships between aperture,advice,Articles
How do I use manual mode effectively?,advice,Articles
What is the exposure triangle?,advice,Articles
How do camera metering modes work?,advice,Articles
When should I use spot vs evaluative metering?,advice,Events
How does sensor size affect field of view and image quality?,advice,Articles
Are UV filters necessary for lens protection?,advice,Articles
How do I choose the right tripod?,advice,Events
How do I stabilise my tripod on uneven ground?,advice,Events
What are mirrorless cameras and are they better than DSLRs?,advice,Articles
How do I select the best editing software in 2025?,advice,Articles
What's the difference between Lightroom and Photoshop?,advice,Services
How do I import and organise photos for editing?,advice,Services
What's the best workflow for editing RAW images?,advice,Services
What is framing and how do I use it in composition?,advice,Articles
How do I develop my own photography style?,advice,Articles
What makes a photo tell a story?,advice,Articles
What is visual storytelling in photography?,advice,Articles
How do I find compositional balance in an image?,advice,Articles
What is contrast and how does it affect composition?,advice,Articles
What's the best lens for street photography?,advice,Articles
What defines abstract photography and how do I approach it?,advice,Articles
How do I photograph shadows effectively?,advice,Articles
What's the difference between DSLR and point-and-shoot cameras?,advice,Articles
How can I improve my technical control while keeping creativity?,advice,Articles
How can I combine all modules to build a strong photography portfolio?,advice,Articles
What does the Blog on Photography page cover?,advice,Articles
What can I use a gift voucher for?,advice,Landing
Are your gift vouchers digital or physical?,advice,Landing
when is the next devon workshop,event,Events
what is your next workshop date and where is it,event,Events
when are your next Autumn workshops and where are they?,event,Events
Do you I get a certificate with the photography course,event,Landing
What sort of camera do I need for your camera course,event,Events
Do I need a laptop for the lightroom course,event,Landing
Do you do astrophotography workshops,event,Events
Can my 14yr old attend your workshop,event,Landing
What courses do you offer for complete beginners?,event,Landing
Do you run evening classes in Coventry?,event,Events
How many weeks is the beginners photography course?,event,Events
Can I just take the Get Off Auto class as a standalone?,event,Events
Do you offer residential workshops or multi-day field trips?,event,Events
How many students per workshop / class?,event,Events
What gear or equipment do I need to bring to a workshop?,event,Articles
Do you offer Lightroom / post-processing courses?,event,Events
"What is RPS Mentoring, and can you help me with that?",event,Events
How do I book a course or workshop?,event,Services
Do you mentor RPS distinction candidates?,event,Services
How often do private lessons run?,event,Services
What's your refund policy for workshops or lessons?,event,Landing
How do I know which course or workshop is best for me?,event,Articles
When are Bluebell woodlands photography workshops held?,event,Events
Do you offer Batsford Arboretum photography workshops?,event,Events
What woodland photography walks do you run in Warwickshire?,event,Events
What is your Secrets of Woodland Photography workshop?,event,Events
What is Pick N Mix payment plans?,product,Products
Do you offer gift vouchers?,product,Products
Can I order fine art prints from you?,product,Services
Are there discounts for multiple bookings (e.g. bundle deals)?,product,Events
Can I transfer a booking paid via Pick N Mix to someone else?,product,Products
Do vouchers cover private lessons too?,product,Products
How do I purchase photography gift vouchers?,product,Products
